timestamp,emg1,emg2,emg3,emg4,emg5,emg6,emg7,emg8
1511948396424580 ,-1,2,4,2,2,-11,-3,1
1511948396424580 ,-4,-3,-4,9,-7,-6,-5,-2
1511948396425580 ,-4,-2,-2,11,8,2,-3,-5
1511948396425580 ,3,3,2,-3,-3,6,6,2
1511948396429100 ,1,-1,-2,-5,-4,0,0,2
1511948396429100 ,-1,-1,-3,-7,-1,-3,-3,0
1511948396432110 ,-9,-4,-3,-7,-3,-4,-5,-5
1511948396432110 ,2,3,3,5,5,1,0,-1
1511948396437110 ,1,0,0,0,2,0,0,0
1511948396437110 ,6,-3,-1,-6,-5,-2,-1,-1
1511948396451740 ,-17,-4,-7,-7,0,-4,-2,-4
1511948396451740 ,2,3,5,6,-1,-2,-2,-1
1511948396459670 ,2,0,0,-3,-7,1,0,1
1511948396459670 ,-1,-5,-4,-7,-2,-5,-4,-2
1511948396466720 ,4,-2,-3,-3,3,1,-1,-2
1511948396466720 ,1,-1,-1,1,-1,-3,2,1
1511948396474210 ,-5,-4,-6,-6,0,-1,0,-1
1511948396474210 ,-2,-3,-1,17,-4,3,-1,-1
1511948396487750 ,0,-1,-6,-39,-8,-3,0,0
1511948396487750 ,0,4,11,32,8,2,1,0
1511948396499780 ,1,-2,-1,5,1,-6,-4,1
1511948396499780 ,-3,-1,-2,-11,3,-1,-2,-3
1511948396519360 ,1,-1,1,3,0,-1,-1,-2
1511948396519360 ,0,-1,-4,-7,-1,-2,-3,0
1511948396558210 ,-4,-8,-7,-7,-6,-5,-3,-2
1511948396558210 ,-7,-7,-5,-4,-1,-2,-4,-5
1511948396558650 ,3,4,2,-2,7,2,2,1
1511948396558650 ,0,2,-3,-7,-4,2,0,2
1511948396559660 ,-4,-3,-3,6,5,-2,-3,-1
1511948396559660 ,-4,-6,-7,-16,-13,-7,-6,-6
1511948396560660 ,5,5,16,21,7,1,0,-1
1511948396560660 ,-8,0,1,-5,0,4,0,1
1511948396564170 ,-4,-4,-6,-11,-8,-5,-4,-2
1511948396564170 ,-5,-5,-7,3,0,-5,-6,-3
1511948396578770 ,0,2,-4,-7,1,3,-2,-2
1511948396578770 ,6,3,1,-2,-1,-3,1,2
1511948396585250 ,-1,-2,-3,-5,-9,-3,-2,-2
1511948396585250 ,-7,-3,-4,4,-8,-1,-3,-6
1511948396593480 ,3,1,-1,-10,6,4,2,0
1511948396593480 ,3,1,3,10,-1,2,1,1
1511948396600530 ,-3,-2,-1,1,-9,-11,-6,-2
1511948396600530 ,0,-3,-2,-19,9,-2,-1,-2
1511948396608020 ,0,1,-1,9,1,1,2,-2
1511948396608020 ,1,-2,-4,-2,-7,-4,-1,-1
1511948396624530 ,-1,-2,-3,-9,-2,0,-3,0
1511948396624530 ,-6,-4,-5,-12,-3,-1,-3,-4
1511948396630580 ,-3,0,3,23,14,2,-1,0
1511948396630580 ,-1,-1,0,-5,-6,0,1,-1
1511948396646590 ,-1,-1,-7,-12,-5,-4,-3,-2
1511948396646590 ,0,0,9,10,-5,-2,-3,-3
1511948396661630 ,0,-1,-6,-14,-1,-2,0,0
1511948396661630 ,0,0,1,19,1,-5,-1,-1
1511948396663140 ,-2,-1,-1,-1,3,1,-1,-1
1511948396663140 ,-2,-5,-7,-7,-4,1,-1,-3
1511948396668180 ,-1,-1,0,24,1,1,-1,-1
1511948396668180 ,1,0,-3,-50,-2,-3,-1,0
1511948396682760 ,-2,-3,-2,6,3,0,-2,-3
1511948396682760 ,-3,0,-3,-4,6,0,-1,-3
1511948396690280 ,-2,-1,-1,2,-15,-5,-2,-2
1511948396690280 ,-1,-1,-3,3,12,0,-3,1
1511948396699230 ,-2,0,-1,-7,-14,-2,-2,-1
1511948396699230 ,0,0,0,5,2,-6,-2,0
1511948396713270 ,-2,-1,-2,-20,-2,7,-2,-2
1511948396713270 ,0,-2,-3,7,-5,-2,-2,-2
1511948396720290 ,-2,-2,7,6,-6,1,1,-1
1511948396720290 ,6,-1,-7,-2,7,-1,-1,-1
1511948396727810 ,-16,-1,6,6,-8,-8,-3,-2
1511948396727810 ,-3,0,-4,-7,2,-3,-1,-1
1511948396742850 ,1,-2,-1,9,7,0,-1,-2
1511948396742850 ,-3,-1,-2,-5,-11,1,-1,-3
1511948396750370 ,5,0,-6,-11,2,1,2,-1
1511948396750370 ,-2,-2,3,9,-7,0,-2,-1
1511948396759390 ,-3,-4,-5,-10,6,0,0,-2
1511948396759390 ,-1,0,-1,6,-2,-5,-2,-1
1511948396773430 ,1,0,0,-26,2,0,-3,-1
1511948396773430 ,-2,-1,2,27,-7,-2,-1,-2
1511948396780450 ,0,0,-2,-7,3,-2,0,-2
1511948396780450 ,-3,-1,-1,5,7,2,-2,0
1511948396795990 ,0,-1,-4,-3,-8,-4,0,-2
1511948396795990 ,-1,-1,-1,-7,-1,-1,-2,-2
1511948396802510 ,0,-2,-1,-1,-1,1,-1,-2
1511948396802510 ,0,-2,-5,-11,-14,-4,-1,-1
1511948396810530 ,1,-2,1,3,-8,-5,-2,0
1511948396810530 ,1,1,2,23,9,4,2,1
1511948396819050 ,-3,-1,-3,-3,3,0,-1,-1
1511948396819050 ,-2,-1,-2,3,-3,-3,-1,-3
1511948396833590 ,1,-1,-4,2,5,-1,-1,-1
1511948396833590 ,0,-2,-3,-10,-5,-3,-1,-1
1511948396840110 ,-2,-1,0,8,-1,1,0,0
1511948396840110 ,-1,-1,-3,-10,0,3,-1,1
1511948396847630 ,-2,-2,-1,0,8,1,-1,-2
1511948396847630 ,-1,0,0,-3,-14,-7,-2,-2
1511948396862670 ,-2,0,-1,11,6,2,-3,-1
1511948396862670 ,0,-1,0,-4,4,0,1,0
1511948396870190 ,0,1,-1,2,-8,-2,-2,0
1511948396870190 ,0,-4,1,0,2,3,-2,-1
1511948396879210 ,1,-2,-4,-5,-2,-6,-3,-1
1511948396879210 ,-2,-1,1,11,4,2,-1,-1
1511948396901770 ,0,-1,-2,-4,3,-3,0,-1
1511948396901770 ,-1,-1,-1,-9,-1,-3,-2,-2
1511948396903280 ,-2,0,0,-4,-10,3,-1,-1
1511948396903280 ,0,1,-2,-3,-3,0,-1,-1
1511948396907790 ,-2,-1,2,10,9,0,-1,-2
1511948396907790 ,0,-2,-4,3,-3,-2,-1,-2
1511948396941380 ,1,-1,1,-19,4,-1,-1,-1
1511948396941380 ,2,0,3,2,1,-2,-3,-3
1511948396942380 ,0,-2,0,-4,-6,-1,2,0
1511948396942380 ,-2,-2,-3,-6,-5,-4,-2,-2
1511948396945410 ,-1,0,-3,4,1,0,-1,-3
1511948396945410 ,-2,1,1,2,5,4,0,-1
1511948396953430 ,-2,-2,-3,-5,-7,-3,-3,-1
1511948396953430 ,-1,-1,-1,-3,7,-4,-1,0
1511948396969950 ,-2,-2,-3,1,-9,-2,-1,-1
1511948396969950 ,-2,-2,-1,-4,-5,-2,-2,-2
1511948396970960 ,1,-2,-2,0,-4,-3,-1,-2
1511948396970960 ,-3,-1,3,10,7,0,-1,-1
1511948396983010 ,0,-2,-6,-17,-11,-2,-3,-3
1511948396983010 ,0,-1,-1,-2,18,4,0,1
1511948396999100 ,-1,-2,-1,30,-3,-7,-2,-1
1511948396999100 ,-2,-1,0,-12,-7,2,-3,-1
1511948397000540 ,-1,0,3,3,-12,-6,-2,-1
1511948397000540 ,-2,-4,1,2,0,1,-1,-2
1511948397013570 ,0,1,-7,-17,4,1,-1,-2
1511948397013570 ,-1,0,12,-3,0,-3,-2,-2
1511948397020090 ,-2,-4,-10,25,14,-2,1,-1
1511948397020090 ,-1,-2,-13,-14,-5,-2,-1,-2
1511948397036130 ,-2,-12,-8,11,1,2,-4,-3
1511948397036130 ,-1,1,-8,-30,-9,-6,1,-1
1511948397042670 ,-2,3,4,-10,-3,-4,-2,-2
1511948397042670 ,1,1,13,4,-4,-2,1,0
1511948397051210 ,-4,2,-15,-1,-15,-3,-1,-1
1511948397051210 ,-1,-2,0,16,10,2,0,-2
1511948397057760 ,-2,-3,-1,-15,7,4,-3,-3
1511948397057760 ,0,0,0,7,-8,-10,-2,-1
1511948397073250 ,1,1,-1,-21,-14,2,-3,-1
1511948397073250 ,-3,-4,1,0,-21,-26,-6,-2
1511948397080270 ,-1,0,-8,-6,17,23,1,0
1511948397080270 ,0,4,6,9,0,-10,5,1
1511948397096290 ,-1,0,10,-1,-1,-10,-7,-1
1511948397096290 ,-3,-2,-9,-13,9,2,4,-2
1511948397111560 ,-2,-4,0,-4,18,-2,-2,-3
1511948397111560 ,-1,5,10,5,-49,6,-1,0
1511948397112490 ,0,0,2,-2,17,0,-2,-1
1511948397112490 ,-3,-11,-12,5,9,-14,-8,-3
1511948397118030 ,-1,-2,17,1,-18,-2,5,1
1511948397118030 ,-2,-3,-14,-2,12,7,-2,-1
1511948397133570 ,1,5,-2,-27,5,11,6,1
1511948397133570 ,-2,-9,-9,15,-11,-8,-5,-2
1511948397140570 ,0,5,-1,5,-14,10,2,1
1511948397140570 ,-4,-7,5,2,7,-11,-11,-4
1511948397156110 ,-4,5,6,-24,0,2,-4,-2
1511948397156110 ,2,6,61,27,4,4,1,2
1511948397162640 ,-4,-11,-62,11,43,-4,-3,-3
1511948397162640 ,2,-1,-42,-10,25,-16,1,-1
1511948397179170 ,-3,-12,11,1,-18,15,-1,-3
1511948397179170 ,-1,2,-15,-8,19,4,-2,-2
1511948397180670 ,0,11,24,-20,-38,-33,-2,-2
1511948397180670 ,2,10,11,1,-26,12,-1,0
1511948397201730 ,-6,-18,-14,35,47,-14,-6,-3
1511948397201730 ,-3,0,-25,-17,-3,28,10,-2
1511948397203230 ,-4,0,14,9,-14,17,-2,-2
1511948397203230 ,6,12,-3,-41,-32,-52,-10,0
1511948397215770 ,3,8,29,17,62,25,10,4
1511948397215770 ,-6,-3,-23,6,-48,-9,-10,-7
1511948397222810 ,-4,-15,-5,6,-13,24,6,-3
1511948397222810 ,2,10,38,-20,61,5,1,0
1511948397255370 ,-6,-19,-70,14,-32,2,-4,-3
1511948397255370 ,-2,3,26,-24,22,3,-3,-2
1511948397256880 ,-1,-4,-35,3,10,-28,-4,0
1511948397256880 ,-3,-3,18,23,1,12,-1,-3
1511948397257880 ,0,5,16,-15,-18,5,3,0
1511948397257880 ,-3,-1,-38,-12,35,17,-2,-2
1511948397261890 ,3,5,31,20,-44,-24,-3,0
1511948397261890 ,0,4,38,38,7,10,1,0
1511948397284740 ,1,-7,-96,-37,-2,-12,-2,-1
1511948397284740 ,-3,0,20,7,-29,-5,-3,-3
1511948397291690 ,-3,-5,-4,-20,-2,2,-5,-3
1511948397291690 ,0,-5,-11,-22,0,9,2,0
1511948397292190 ,-1,4,32,55,-17,-15,-4,-2
1511948397292190 ,-4,-11,-13,-33,-6,-7,-3,-1
1511948397314340 ,6,2,0,8,10,-5,2,0
1511948397314340 ,2,-10,-36,-43,-15,0,-3,-5
1511948397315250 ,-7,7,52,18,-10,-5,-3,-2
1511948397315250 ,0,1,3,-13,-16,-5,-1,-1
1511948397320270 ,-17,-1,11,12,18,3,-2,-1
1511948397320270 ,-2,-9,-17,-5,-1,9,4,1
1511948397335810 ,3,5,9,-10,-18,-7,-2,-2
1511948397335810 ,7,1,-3,19,7,-1,1,0
1511948397342830 ,4,3,-3,-22,-4,-3,-1,-3
1511948397342830 ,3,-7,2,36,8,0,-3,-2
1511948397358390 ,-17,-5,-16,-31,-12,-7,-3,-2
1511948397358390 ,4,-3,-5,-7,0,-2,-3,-3
1511948397365410 ,-4,0,7,17,0,-9,-3,-2
1511948397365410 ,-5,2,5,-34,-5,10,4,1
1511948397373430 ,13,1,11,18,2,-2,-5,-4
1511948397373430 ,-7,-4,-9,-12,-8,-13,-10,-6
1511948397380490 ,6,0,-1,14,4,14,0,2
1511948397380490 ,-10,-5,-5,-15,-20,-8,0,-2
1511948397404050 ,-2,0,6,-16,7,6,1,1
1511948397404050 ,-5,-3,-21,-3,-6,-12,-3,0
1511948397405550 ,0,-2,21,13,18,-5,-3,-1
1511948397405550 ,-2,-2,-14,6,5,1,-3,-2
1511948397419090 ,4,0,3,-2,-9,-9,4,0
1511948397419090 ,-4,-3,4,-15,-5,4,3,-1
1511948397426610 ,2,0,-15,-12,3,3,-1,-1
1511948397426610 ,-1,0,4,-26,-1,2,3,0
1511948397441650 ,-8,-17,-31,-5,-19,-26,-8,-5
1511948397441650 ,-1,2,12,10,14,6,-1,0
1511948397443160 ,-3,-1,7,-11,3,10,-1,-2
1511948397443160 ,-2,5,-8,19,1,13,1,-1
1511948397456220 ,2,5,-1,-16,-20,-19,-3,0
1511948397456220 ,-2,-4,2,18,23,7,0,0
1511948397479250 ,0,3,26,-11,-11,-14,-3,-4
1511948397479250 ,-5,-10,-15,16,-15,-8,-3,-3
1511948397479750 ,5,3,4,-14,10,5,0,-1
1511948397479750 ,-1,-1,-4,13,-14,-3,-3,-1
1511948397494410 ,-5,0,5,-16,1,-15,-6,-4
1511948397494410 ,0,-2,-12,22,6,11,1,-1
1511948397494790 ,-1,4,17,26,17,3,3,1
1511948397494790 ,6,-1,-9,19,-3,-14,-4,-6
1511948397500430 ,1,-4,9,0,-4,30,-3,-1
1511948397500430 ,-1,-4,-21,-21,-5,-13,1,0
1511948397532890 ,-4,-6,-3,9,-2,0,-2,-1
1511948397532890 ,-6,5,11,-15,4,-2,-3,-1
1511948397533900 ,-2,-6,-17,15,-26,-71,-8,-2
1511948397533900 ,0,0,29,12,9,56,1,1
1511948397537910 ,1,5,0,-24,13,25,16,3
1511948397537910 ,-2,-1,-8,50,32,11,5,3
1511948397545450 ,-3,-2,-6,0,-4,-24,-2,-4
1511948397545450 ,5,4,16,-29,17,-31,-10,-6
1511948397562470 ,-9,-5,-6,22,-31,-13,-10,-5
1511948397562470 ,-2,-4,-5,-9,-1,15,4,0
1511948397563530 ,0,2,3,-22,38,38,5,0
1511948397563530 ,-1,1,-11,23,13,-22,-4,-1
1511948397583530 ,3,-2,-1,-16,-31,31,8,0
1511948397583530 ,-2,-3,17,-28,-4,-46,-5,-4
1511948397591070 ,-1,-5,-39,-15,-22,42,-3,-2
1511948397591070 ,0,0,7,-12,-13,-18,4,1
1511948397598070 ,-3,-1,6,4,13,-18,-9,-3
1511948397598070 ,0,2,9,-31,-31,1,-4,-2
1511948397605180 ,-3,-3,-15,26,11,3,1,-2
1511948397605180 ,1,1,-6,-10,-8,-2,-3,-1
1511948397628750 ,-2,-4,-5,-11,-10,-7,-6,-1
1511948397628750 ,-4,-8,-1,13,1,11,3,-2
1511948397629250 ,0,0,-3,-22,-7,-9,-3,-1
1511948397629250 ,2,-1,-4,17,-1,-2,1,-1
1511948397636770 ,-1,0,19,-5,14,1,-1,-1
1511948397636770 ,-5,-1,-12,-24,-9,-1,-4,-2
1511948397642780 ,-2,-2,-1,12,3,-4,0,-1
1511948397642780 ,-2,0,5,10,-6,9,3,-1
1511948397682920 ,-8,-3,-9,-18,6,-7,-2,-4
1511948397682920 ,0,-2,1,6,-6,-1,-4,-3
1511948397683890 ,-2,-1,-13,-2,-5,-4,-1,-1
1511948397683890 ,-1,3,18,14,-1,2,1,0
1511948397685400 ,3,-5,-15,-21,10,0,-3,-1
1511948397685400 ,-3,0,-6,5,-7,-12,-1,-1
1511948397687900 ,-2,-8,15,25,1,7,-4,-2
1511948397687900 ,7,-1,-3,6,4,3,-1,-1
1511948397696930 ,-7,0,3,-8,-18,-3,-2,-2
1511948397696930 ,-2,-6,-1,26,5,2,-2,0
1511948397703000 ,-1,1,-2,-36,-6,-8,3,-1
1511948397703000 ,3,-2,-6,-7,-2,0,-3,-1
1511948397718020 ,0,0,20,9,3,-2,-4,0
1511948397718020 ,-3,0,-21,-20,-9,0,-1,-3
1511948397733520 ,0,-2,2,9,-4,-3,-1,-1
1511948397733520 ,-5,-2,1,8,3,5,3,-2
1511948397748570 ,2,2,-6,2,4,-9,-2,-2
1511948397748570 ,2,-1,7,-3,-4,-9,-6,-1
1511948397749060 ,-5,1,2,-17,-2,-4,-3,-2
1511948397749060 ,1,-3,-6,-6,-8,5,1,-2
1511948397756580 ,-9,-3,5,-6,-6,-4,2,0
1511948397756580 ,-1,-5,-7,-3,11,9,0,-2
1511948397771120 ,-4,-3,-5,4,-10,-11,-2,-3
1511948397771120 ,1,1,3,2,-1,-1,-1,-2
1511948397777640 ,0,-1,-10,-10,14,-9,-7,-2
1511948397777640 ,-2,-3,7,15,-21,8,0,-2
1511948397803210 ,-1,1,-3,1,5,2,5,0
1511948397803210 ,-6,-2,-8,-4,-1,-7,-2,-2
1511948397804710 ,6,1,0,24,5,1,-1,-2
1511948397804710 ,-6,-3,-7,-51,-12,-7,-3,-2
1511948397805210 ,0,0,7,82,19,2,-2,-1
1511948397805210 ,3,-3,2,-11,-7,2,0,1
1511948397824770 ,1,-3,-14,-31,1,-2,-1,-4
1511948397824770 ,-1,-2,16,27,2,-4,-2,-2
1511948397825770 ,1,1,-8,-34,-10,1,-4,-3
1511948397825770 ,-6,-3,-4,14,6,-19,-4,-3
1511948397846820 ,-2,1,6,16,4,23,6,-1
1511948397846820 ,-2,-4,-27,-32,-14,-9,1,0
1511948397847330 ,-1,-4,4,1,-1,-5,-2,-2
1511948397847330 ,-2,-1,14,22,10,-11,-3,-2
1511948397860930 ,1,-6,-17,2,-14,-2,-2,0
1511948397860930 ,1,0,6,11,9,4,1,-2
1511948397861860 ,-3,-1,0,-16,1,5,0,0
1511948397861860 ,-2,-4,-9,1,-5,1,1,0
1511948397876900 ,-2,1,4,-9,-7,-3,-1,0
1511948397876900 ,-1,-3,-1,20,9,-3,-1,-1
1511948397882920 ,-2,-3,-5,-12,1,-4,-8,-4
1511948397882920 ,0,3,7,-25,-14,1,6,1
1511948397897960 ,0,-3,-2,1,2,-5,-1,-1
1511948397897960 ,-2,0,3,-14,-5,16,0,-1
1511948397913590 ,-1,-3,6,0,-1,-17,-3,-2
1511948397913590 ,-2,-1,-4,9,9,3,-6,-1
1511948397921110 ,1,1,-3,-11,-9,-2,-2,-2
1511948397921110 ,0,-6,-23,11,5,-8,0,-2
1511948397921620 ,-5,-5,3,-21,-15,4,-5,-2
1511948397921620 ,-1,-1,-7,10,12,0,1,0
1511948397936660 ,1,-1,1,-4,1,0,-3,0
1511948397936660 ,-1,-1,9,9,8,-6,-3,-1
1511948397942740 ,-1,-1,-5,-10,-18,-1,1,0
1511948397942740 ,-5,-1,2,5,-7,-3,-4,-2
1511948397957720 ,-3,-2,-10,0,2,-6,-3,-2
1511948397957720 ,-1,1,0,-6,-6,8,0,0
1511948397974880 ,1,-4,-6,5,4,6,-1,0
1511948397974880 ,-1,0,-7,-3,8,0,-2,-1
1511948397982280 ,-3,-2,6,8,-18,-10,-1,-1
1511948397982280 ,1,0,8,-20,2,-1,0,0
1511948397983280 ,-2,1,-5,10,13,2,-1,-1
1511948397983280 ,0,-3,-10,-2,6,6,-2,-1
1511948397996820 ,-4,0,0,-3,-18,-8,0,-1
1511948397996820 ,-4,-3,0,-7,-9,-12,-3,-1
1511948398010850 ,0,-1,0,-2,10,9,-2,-2
1511948398010850 ,-1,-1,1,1,2,9,3,-1
1511948398017940 ,0,-3,-1,-7,4,0,-1,-1
1511948398017940 ,-2,-2,-3,-6,-6,-8,-5,-2
1511948398033430 ,-2,-1,4,19,0,-6,-2,-2
1511948398033430 ,5,-2,-5,-7,-7,4,4,1
1511948398048460 ,-10,-2,-5,-1,0,-3,-2,-3
1511948398048460 ,-1,2,0,-12,8,0,-2,0
1511948398049460 ,-2,-2,-3,10,-16,0,-1,-1
1511948398049460 ,-1,1,2,0,-5,-1,-4,-3
1511948398056980 ,1,-1,-1,2,1,1,0,0
1511948398056980 ,-3,-1,-2,-6,0,0,-2,-1
1511948398079060 ,-2,-3,-11,-36,1,-1,-1,-1
1511948398079060 ,-4,0,4,7,-2,-2,1,-1
1511948398080540 ,2,-3,0,-1,8,0,-3,0
1511948398080540 ,-2,1,-4,18,-13,-3,-2,-3
1511948398085080 ,0,-1,-8,-24,3,-4,-3,-1
1511948398085080 ,-2,0,7,-2,-12,4,-2,0
1511948398117280 ,-4,-2,0,-7,-3,-2,-2,-1
1511948398117280 ,1,-3,-8,-3,2,3,-1,0
1511948398118210 ,-2,-1,1,1,-3,2,0,-2
1511948398118210 ,-4,1,7,-6,-3,-13,-5,-2
1511948398119720 ,1,1,-1,14,14,4,-2,0
1511948398119720 ,-3,-2,-8,6,8,-4,0,-1
1511948398122790 ,-2,1,4,-3,-10,-4,0,-1
1511948398122790 ,-2,-4,-2,-12,-1,-2,-3,0
1511948398137790 ,-1,0,-3,1,-10,-3,-4,-2
1511948398137790 ,-4,-8,-10,-13,0,7,-1,-2
1511948398145350 ,-1,-2,-9,14,5,-2,2,-2
1511948398145350 ,0,2,7,9,-1,-5,-4,-2
1511948398160830 ,-1,-2,6,-3,0,-6,-1,-2
1511948398160830 ,-4,2,2,3,-5,-8,-4,-1
1511948398161840 ,-2,-6,-3,-8,-3,-4,-4,-2
1511948398161840 ,-1,-4,-17,-6,2,3,0,-1
1511948398176870 ,-2,-5,-9,1,-4,6,-1,-3
1511948398176870 ,-1,-3,5,-9,-13,-1,-1,-3
1511948398182880 ,6,2,6,9,12,6,0,-1
1511948398182880 ,-4,-1,-3,-6,-2,-18,-4,-1
1511948398214090 ,-3,-3,-2,-9,2,5,-2,-1
1511948398214090 ,-1,0,1,7,-12,10,2,-3
1511948398215100 ,1,-1,8,-8,-7,-9,-1,-3
1511948398215100 ,-1,-1,-20,2,5,1,0,1
1511948398220110 ,-3,-3,-3,-9,-4,-10,-4,-2
1511948398220110 ,2,-2,-5,2,6,0,-1,-1
1511948398227660 ,-5,0,1,-15,1,1,-2,-2
1511948398227660 ,0,-1,2,12,-17,2,-1,-2
1511948398236650 ,-3,-3,2,1,15,2,0,0
1511948398236650 ,0,0,9,-3,-4,-12,-3,0
1511948398242700 ,-2,2,-5,12,0,-2,-3,-2
1511948398242700 ,-2,-2,0,-15,0,0,5,0
1511948398257710 ,1,0,1,8,-7,-1,-3,-2
1511948398257710 ,-2,-1,-6,-1,4,-5,-1,-1
1511948398265240 ,-5,0,10,1,0,3,-2,-2
1511948398265240 ,-1,-3,2,4,-1,-3,-3,-2
1511948398289290 ,-2,2,-10,-23,-6,3,0,-1
1511948398289290 ,0,-5,-4,20,4,1,0,-1
1511948398289800 ,-3,-6,-5,-7,-5,-2,0,-3
1511948398289800 ,-1,-1,16,5,5,-8,-3,-2
1511948398313360 ,-1,1,6,4,-6,1,-1,-2
1511948398313360 ,0,1,-7,-8,-2,-7,-2,-3
1511948398313860 ,-3,-2,-8,-4,1,-1,0,0
1511948398313860 ,-1,0,0,-1,-2,2,-1,0
1511948398325890 ,-2,0,3,-2,-4,-8,-3,-1
1511948398325890 ,0,-2,-1,-8,0,4,-1,-2
1511948398326890 ,-2,-2,-4,1,-1,-2,0,0
1511948398326890 ,-1,-1,-3,-5,1,0,-3,-1
1511948398348950 ,-1,-3,-2,2,-3,-2,0,-1
1511948398348950 ,-2,0,0,1,4,1,-1,-1
1511948398357040 ,0,0,-2,-3,-14,-4,-2,-3
1511948398357040 ,-2,-2,-6,-4,-2,0,0,-1
1511948398364060 ,0,-4,-4,-2,-1,3,1,-1
1511948398364060 ,-4,-2,0,-9,1,-3,-1,-2
1511948398371010 ,-1,-1,-6,30,-1,-10,-2,-1
1511948398371010 ,1,-1,3,-14,4,-3,1,0
1511948398378040 ,0,0,-12,-7,-5,5,0,-1
1511948398378040 ,-2,-1,3,-1,-9,7,-1,-2
1511948398393570 ,-1,-3,7,-9,-5,-1,-1,-2
1511948398393570 ,-2,0,-14,3,4,3,-2,0
1511948398400590 ,-2,-1,10,11,-11,-12,-2,-1
1511948398400590 ,0,-2,-7,-10,16,4,-2,-1
1511948398407670 ,-2,0,-7,-3,2,6,0,-1
1511948398407670 ,-1,0,6,-11,-17,-7,-5,-1
1511948398423650 ,-1,-1,1,11,6,2,7,3
1511948398423650 ,0,3,16,7,-12,-7,-3,0
1511948398424660 ,-2,-7,-35,-22,-3,-3,-2,-3
1511948398424660 ,0,-5,-4,-11,-2,-3,-1,-3
1511948398437690 ,-1,-2,2,1,1,-1,-3,-1
1511948398437690 ,-1,-3,8,11,-5,-4,1,0
1511948398454230 ,-1,3,4,-5,13,3,0,-2
1511948398454230 ,-2,-1,2,0,-3,2,-1,2
1511948398460250 ,-1,-2,-3,-17,-2,-12,-2,-1
1511948398460250 ,-1,1,-9,4,-3,6,-4,-1
1511948398468340 ,0,-1,9,0,-14,-2,-1,0
1511948398468340 ,-1,0,-4,6,19,3,-1,-2
1511948398483320 ,-1,-2,6,-8,0,-2,-2,0
1511948398483320 ,-3,-3,-4,-9,0,-3,0,-1
1511948398484310 ,0,-1,2,25,2,0,0,-2
1511948398484310 ,1,3,-7,6,-9,-1,-2,-2
1511948398499350 ,-1,-6,-10,1,4,0,-5,-2
1511948398499350 ,-1,-2,-2,-8,5,-3,2,-1
1511948398505370 ,-1,0,2,-8,0,2,-2,0
1511948398505370 ,-1,1,11,8,-1,0,1,-1
1511948398521910 ,0,1,0,-1,1,-6,-2,-2
1511948398521910 ,-1,-4,-20,6,-10,-5,-5,-2
1511948398528500 ,0,-1,10,7,3,2,-1,-2
1511948398528500 ,-2,-1,3,-5,-2,-2,0,0
1511948398543470 ,-2,-6,-16,-16,-4,3,2,0
1511948398543470 ,-1,0,-1,4,-4,-4,0,-1
1511948398544470 ,-1,0,-2,-20,2,-1,-3,-2
1511948398544470 ,-2,0,2,8,-5,-3,-2,-2
1511948398566040 ,-1,-2,3,13,-1,2,0,0
1511948398566040 ,-2,0,4,5,-1,4,0,-2
1511948398566530 ,-1,-4,-8,-12,11,-7,-4,1
1511948398566530 ,-2,-1,0,-4,-4,1,0,0
1511948398589170 ,-1,-1,-7,3,-8,-4,-3,-2
1511948398589170 ,-2,0,4,-13,0,-3,-4,-1
1511948398590090 ,-2,-6,0,9,2,2,0,-1
1511948398590090 ,-1,-2,-2,3,3,-2,-1,-2
1511948398604130 ,-2,-1,-3,-4,-4,-2,-2,-1
1511948398604130 ,-1,-2,-1,-5,-3,0,-1,0
1511948398604630 ,-1,2,17,-2,0,-3,-1,-2
1511948398604630 ,0,-2,-9,5,0,0,-4,-1
1511948398625690 ,-3,0,-1,-4,-1,0,-3,0
1511948398625690 ,-1,-3,0,-3,-12,-11,-2,-1
1511948398626690 ,-1,-1,-15,8,9,1,-1,-1
1511948398626690 ,1,-1,-7,-28,-2,-2,0,-1
1511948398641730 ,-1,2,3,8,-1,1,-2,-2
1511948398641730 ,-2,-7,3,-9,2,4,1,-2
1511948398648760 ,-2,1,-8,20,2,0,0,0
1511948398648760 ,-1,-2,3,-18,-14,-13,-3,0
1511948398671860 ,0,-3,-20,-4,-5,7,0,0
1511948398671860 ,0,3,5,14,10,-1,0,-3
1511948398672310 ,-2,0,3,-15,-6,3,2,-1
1511948398672310 ,-4,-4,-5,-2,0,0,-2,-2
1511948398677850 ,-2,0,10,4,-4,-6,-2,-1
1511948398677850 ,-1,-1,-10,12,-4,-6,-3,-1
1511948398685400 ,-1,-4,-6,-2,-4,2,-2,-1
1511948398685400 ,-2,-6,1,15,-4,5,-1,-3
1511948398701890 ,0,1,4,6,5,-4,0,-1
1511948398701890 ,-2,-1,-4,-14,5,2,-2,-2
1511948398708440 ,-1,4,1,-9,-2,-4,-1,-1
1511948398708440 ,-2,1,-5,-4,-6,-2,1,0
1511948398723450 ,0,-4,5,8,-3,-1,-2,-2
1511948398723450 ,-2,0,15,5,9,1,0,-1
1511948398724450 ,-2,-5,-33,-11,-10,-10,-3,-2
1511948398724450 ,1,2,7,3,6,7,1,-1
1511948398739490 ,-3,-3,6,3,-1,2,-1,-2
1511948398739490 ,1,1,3,13,-2,-10,-5,-2
1511948398745510 ,-3,-3,10,-7,-7,-3,-2,-2
1511948398745510 ,0,-1,-2,-5,6,4,-2,-2
1511948398761550 ,-3,-1,-8,4,0,3,1,-2
1511948398761550 ,-1,-1,-7,-3,-8,-2,1,0
1511948398769070 ,0,0,15,1,11,3,-1,-1
1511948398769070 ,-3,-2,-12,4,1,-4,-3,-3
1511948398792130 ,-3,-6,-10,-21,-3,-2,1,1
1511948398792130 ,-1,-2,1,10,0,2,-2,-1
1511948398798150 ,-1,2,1,-4,-3,-2,0,-1
1511948398798150 ,-2,0,1,1,-6,5,-3,0
1511948398807170 ,0,2,5,-7,1,-7,-3,-1
1511948398807170 ,-3,-7,-12,-16,-2,-5,-2,-4
1511948398813690 ,1,-2,-7,0,-6,-5,-1,-2
1511948398813690 ,-1,0,3,3,2,-1,0,0
1511948398820710 ,0,0,5,-1,-1,-4,-3,-2
1511948398820710 ,2,1,4,11,3,2,0,0
1511948398828730 ,0,2,5,-2,10,5,1,0
1511948398828730 ,-1,-3,-3,-17,-11,-5,0,-1
1511948398851790 ,-2,-3,-13,6,0,-7,-3,-2
1511948398851790 ,-2,-5,-6,-19,3,-1,0,-1
1511948398852290 ,-2,3,-6,-5,-3,2,0,-2
1511948398852290 ,-2,-5,1,18,-4,-7,-3,0
1511948398866030 ,0,1,11,-13,11,4,-3,-1
1511948398866030 ,1,1,-1,5,-7,5,3,-2
1511948398867030 ,-1,0,3,-13,1,-2,-2,0
1511948398867030 ,0,-1,-8,9,-1,-4,-1,-1
1511948398881570 ,-2,-2,-4,-1,2,-3,-5,-1
1511948398881570 ,-3,-1,-2,-8,-11,-2,-2,-2
1511948398888590 ,2,0,5,2,2,0,0,0
1511948398888590 ,-1,1,7,-8,-4,-7,-1,-1
1511948398912650 ,-2,-3,-17,-8,0,-2,-3,-2
1511948398912650 ,-1,4,0,6,4,2,2,-1
1511948398913650 ,-1,-4,-2,-4,-24,-7,0,-1
1511948398913650 ,-2,-3,2,1,15,6,0,0
1511948398919170 ,-1,-3,-4,5,-7,-1,1,-2
1511948398919170 ,-3,1,9,-10,6,0,-2,-2
1511948398925250 ,-2,0,-8,8,-1,-5,-3,-1
1511948398925250 ,-2,-2,-2,-8,-6,-3,-1,-1
1511948398950750 ,-1,0,-8,9,-7,4,0,0
1511948398950750 ,-2,-4,-2,-5,-2,-6,-1,-1
1511948398951250 ,-1,-1,4,-4,0,-5,-1,-3
1511948398951250 ,-1,-1,-1,2,-2,1,-1,-3
1511948398963310 ,-3,-1,1,-6,0,5,-1,0
1511948398963310 ,-1,0,-2,9,-7,-6,-1,-1
1511948398964290 ,-3,-5,2,-10,7,1,0,-1
1511948398964290 ,-3,1,-8,-3,-4,-3,-1,-2
1511948398979330 ,-3,-5,-2,-5,1,-2,-1,-3
1511948398979330 ,-2,1,-6,-9,-12,-2,-4,-2
1511948398985400 ,1,2,2,14,3,-2,0,1
1511948398985400 ,0,0,6,-4,4,0,-1,1
1511948399000450 ,0,-1,0,5,-4,-4,-2,-1
1511948399000450 ,-1,1,-1,-13,4,1,-2,-2
1511948399008400 ,-2,-5,-1,-1,0,-1,-2,-4
1511948399008400 ,-2,-2,14,5,-13,1,0,-2
1511948399023470 ,-2,-3,-19,-6,0,-9,-1,-1
1511948399023470 ,-1,-3,-3,-6,4,-2,-2,-1
1511948399024450 ,-3,3,9,15,-3,0,-3,-1
1511948399024450 ,0,-4,0,5,-2,0,-3,-1
1511948399037980 ,-3,-1,8,3,-4,-3,1,-2
1511948399037980 ,0,-3,-8,-24,-6,-2,-1,-1
1511948399045540 ,-1,-3,-14,0,0,9,1,-2
1511948399045540 ,-3,-2,-5,10,0,0,1,0
1511948399060570 ,-1,2,4,-7,0,-11,-5,-2
1511948399060570 ,-1,1,1,0,-12,0,-1,-2
1511948399068630 ,-1,2,7,11,5,-3,-1,-1
1511948399068630 ,-1,-1,-7,-2,2,1,-2,-2
1511948399083670 ,-1,-4,-2,-10,-1,0,-2,-1
1511948399083670 ,-3,-3,1,-16,2,1,-1,-1
1511948399084100 ,1,1,-2,3,-22,-2,0,0
1511948399084100 ,-3,-3,-7,12,6,-7,-3,-2
1511948399098140 ,-2,-2,2,-13,-6,2,1,1
1511948399098140 ,-1,-5,-5,5,16,0,-3,-1
1511948399105170 ,-1,2,5,-3,-3,0,-1,-2
1511948399105170 ,-2,-1,-2,-15,-10,-6,-1,-2
1511948399121710 ,-1,-2,-1,8,-3,-4,-1,-3
1511948399121710 ,-2,-3,3,4,-8,4,0,1
1511948399128770 ,0,-2,-14,-12,13,-2,-2,0
1511948399128770 ,0,2,-1,-9,-9,-6,-1,-2
1511948399143760 ,-3,-3,-4,1,0,-1,-4,-3
1511948399143760 ,0,2,6,9,4,-13,-2,0
1511948399144270 ,-1,0,6,7,7,6,0,-1
1511948399144270 ,-2,-6,-14,8,11,4,-2,-1
1511948399157870 ,-1,-2,2,-12,-16,-2,-3,-1
1511948399157870 ,-1,-7,-7,-17,2,6,8,-1
1511948399165390 ,0,-3,3,25,-2,-4,-3,-1
1511948399165390 ,-2,1,17,-10,-10,-3,-3,-2
1511948399180360 ,-2,0,-9,4,0,-2,-1,-1
1511948399180360 ,-1,0,8,-3,7,6,-3,-2
1511948399188380 ,-1,-2,-22,-18,4,0,0,0
1511948399188380 ,0,-1,-2,4,-4,-7,-2,-1
1511948399202990 ,-2,-3,1,16,1,-7,-1,-1
1511948399202990 ,0,2,4,-3,3,3,-1,-1
1511948399211010 ,-1,1,6,-15,-7,-1,-2,-2
1511948399211010 ,-1,-3,-11,5,-1,3,-2,-1
1511948399225980 ,0,0,9,19,-4,-5,-1,0
1511948399225980 ,-2,-2,-12,15,9,-6,-3,-2
1511948399226990 ,0,-1,-1,-26,-10,-2,-1,-2
1511948399226990 ,-3,-3,-8,8,14,-1,-1,-3
1511948399240540 ,-2,-5,8,-12,0,-1,-3,-4
1511948399240540 ,0,-1,-4,23,-1,7,0,1
1511948399248610 ,-2,2,3,-1,1,-5,-2,-3
1511948399248610 ,-2,-3,0,-22,-19,-2,-3,-2
1511948399263080 ,-2,-6,-18,0,3,-1,0,1
1511948399263080 ,-1,-1,-8,2,-9,-6,-3,-2
1511948399271100 ,-1,-2,-1,22,3,-4,-1,0
1511948399271100 ,0,-1,15,12,-1,-1,-1,-1
1511948399278120 ,1,0,-13,-70,-10,0,-1,-3
1511948399278120 ,1,-1,0,18,-2,3,0,-1
1511948399285150 ,0,0,3,15,1,-3,0,-1
1511948399285150 ,-1,-2,-3,-15,-3,-2,-1,-3
1511948399300180 ,-2,-1,7,20,-3,1,0,-2
1511948399300180 ,-1,-4,-13,-30,-5,-6,-2,-3
1511948399308710 ,-1,0,1,-5,1,5,0,-1
1511948399308710 ,0,-3,-7,-28,-7,-7,-1,0
1511948399322750 ,-5,-1,10,23,-5,-2,-2,-2
1511948399322750 ,-3,-2,-3,18,-2,-5,-1,-1
1511948399331260 ,-2,0,3,-1,16,7,-1,0
1511948399331260 ,-2,-2,-11,3,-13,1,-3,-1
1511948399337780 ,-1,-3,-9,-59,11,4,-1,-2
1511948399337780 ,-2,0,9,40,7,1,-1,-2
1511948399345310 ,-1,-3,-1,-17,-5,-5,-1,-2
1511948399345310 ,0,-2,3,11,2,-4,-3,-2
1511948399360350 ,-2,-1,4,-1,-6,-4,-1,-2
1511948399360350 ,0,0,2,-5,0,9,-1,0
1511948399368360 ,0,1,-3,-10,-7,-3,-1,-2
1511948399368360 ,-2,-2,-15,-12,-2,-6,-3,-2
1511948399382910 ,-4,-2,-1,19,-4,0,-2,-1
1511948399382910 ,-2,-2,1,-1,5,-5,-2,-2
1511948399390930 ,-3,-2,4,-17,-7,-3,-3,1
1511948399390930 ,-1,3,7,39,-9,-2,0,1
1511948399405970 ,-1,-2,-2,-4,6,-2,-2,0
1511948399405970 ,-3,-2,-3,-36,-4,3,0,-1
1511948399406960 ,-1,-1,-1,-1,-16,-6,0,1
1511948399406960 ,-1,-2,-3,2,8,0,0,-1
1511948399436540 ,-3,0,-1,11,-5,-5,-3,-1
1511948399436540 ,0,-1,-4,-6,-4,-5,-3,-3
1511948399437550 ,-1,-2,-7,14,-11,-1,1,-2
1511948399437550 ,-1,-2,-6,-21,7,-2,-1,0
1511948399442560 ,-1,0,12,20,-10,-1,-1,-1
1511948399442560 ,-3,-2,-3,10,-4,-5,-4,-2
1511948399451140 ,-1,-2,-1,21,9,5,0,-2
1511948399451140 ,-1,0,-1,-19,0,1,-1,-1
1511948399466150 ,-2,-3,-24,-9,0,1,-1,-2
1511948399466150 ,1,-1,-4,-4,2,-4,-2,-2
1511948399466620 ,-1,0,11,2,-1,-2,-2,-1
1511948399466620 ,-3,-5,-21,-4,-8,4,0,-1
1511948399480220 ,-2,-4,0,-7,-4,-5,-2,-1
1511948399480220 ,-3,-2,1,5,-5,-6,0,0
1511948399488680 ,0,-2,0,-15,4,5,0,-1
1511948399488680 ,-2,-3,9,12,-2,-5,-1,-3
1511948399502790 ,-2,0,-7,-9,1,3,-1,-3
1511948399502790 ,-1,-4,-5,5,0,-6,-4,-2
1511948399511270 ,-1,3,7,5,5,-2,-1,-1
1511948399511270 ,-1,-6,-7,-11,1,-4,0,-1
1511948399525850 ,-1,-1,1,-1,-4,0,-1,-2
1511948399525850 ,-2,3,2,-5,-2,1,1,-1
1511948399533370 ,-2,-5,-9,-28,-1,-4,-1,-1
1511948399533370 ,0,0,3,23,15,3,-1,0
1511948399540350 ,-2,-3,4,-3,-12,-5,-2,-2
1511948399540350 ,-1,1,-1,-16,1,1,-1,-2
1511948399548410 ,0,-1,-1,28,-5,-2,1,0
1511948399548410 ,-1,1,-3,-28,7,-3,0,0
1511948399579450 ,-2,-2,10,12,-6,-2,-3,0
1511948399579450 ,-2,-3,-8,-18,-9,-2,-1,-2
1511948399579920 ,-1,-4,-5,16,4,1,-2,-3
1511948399579920 ,-2,-2,5,-33,-4,1,-1,-1
1511948399594530 ,-1,-2,-15,29,3,-3,-2,-2
1511948399594530 ,-2,-3,1,-21,-7,2,-2,-2
1511948399594960 ,-1,2,-2,14,2,-3,-2,-1
1511948399594960 ,-3,-2,6,16,4,2,-1,0
1511948399600480 ,1,0,1,-15,-16,-1,-2,-1
1511948399600480 ,-2,-3,-4,-4,-12,-3,-1,-1
1511948399608500 ,0,-3,-3,0,7,0,0,0
1511948399608500 ,-3,-1,-16,-6,-2,-2,-2,-1
1511948399631630 ,-1,-1,4,9,0,-5,-2,-4
1511948399631630 ,-4,-3,-4,10,2,-3,-1,0
1511948399632560 ,-1,0,7,6,-7,0,-1,-2
1511948399632560 ,-1,0,3,-15,-15,-3,-1,-2
1511948399654120 ,-3,-3,-10,-12,16,2,-1,-2
1511948399654120 ,-2,-2,-3,13,-4,-3,-2,-1
1511948399655120 ,-2,0,4,-16,3,-1,-3,-1
1511948399655120 ,-1,-3,0,5,-8,-3,-1,-2
1511948399660210 ,0,-2,-5,-16,12,3,0,-1
1511948399660210 ,0,1,1,7,10,6,1,-1
1511948399676180 ,0,0,2,8,-7,-2,-1,-1
1511948399676180 ,-1,-1,4,17,-8,1,0,-3
1511948399682760 ,-1,-3,3,-7,0,-5,-3,-1
1511948399682760 ,1,-1,-3,-2,-1,-2,0,-2
1511948399698760 ,0,-1,10,-13,4,-3,-3,-3
1511948399698760 ,-1,-3,-19,-8,-4,-3,-2,-2
1511948399737840 ,-3,-2,-5,12,2,-2,-2,0
1511948399737840 ,-2,-3,-1,-15,0,3,0,-1
1511948399738850 ,-2,-1,-4,-4,-11,-2,-1,-1
1511948399738850 ,-1,-1,5,-16,-7,-4,-2,-2
1511948399740350 ,1,-1,-2,-3,-2,2,0,-1
1511948399740350 ,-3,-4,-6,1,5,-4,-3,-2
1511948399744390 ,-1,-1,-4,-8,-5,-1,0,1
1511948399744390 ,-2,-2,0,7,-5,-4,-3,-2
1511948399745870 ,0,-1,-3,-14,8,3,-3,-1
1511948399745870 ,0,-2,-1,-9,-10,-2,-2,-2
1511948399750950 ,0,0,-5,6,-5,-2,-1,-3
1511948399750950 ,-2,-4,-3,5,8,-5,-1,-1
1511948399765990 ,0,-2,-4,-10,-15,-1,-2,-1
1511948399765990 ,-1,-1,5,15,6,1,-2,-4
1511948399766920 ,-1,-3,-1,-23,-7,-2,-1,0
1511948399766920 ,0,-2,-17,6,4,-2,-1,-1
1511948399780520 ,-3,0,7,-3,-5,-3,-1,-2
1511948399780520 ,-2,-7,-20,-3,6,-2,-3,-2
1511948399789480 ,1,1,6,-12,-1,1,-1,-1
1511948399789480 ,-1,1,13,12,-1,-3,-1,1
1511948399803070 ,-2,-3,-7,-7,-7,0,-1,-1
1511948399803070 ,-2,0,5,19,-7,-5,-2,-2
1511948399812040 ,-1,0,-2,-14,5,-1,0,0
1511948399812040 ,-4,-4,2,7,7,0,-4,-1
1511948399825080 ,-2,0,0,-6,3,-3,-1,0
1511948399825080 ,0,0,0,-5,-8,-2,-1,-3
1511948399834100 ,-1,-2,-2,-12,-19,-2,0,-1
1511948399834100 ,-1,0,9,1,0,1,-2,0
1511948399840620 ,-1,-2,-12,13,5,3,1,-2
1511948399840620 ,-2,-6,-11,-12,4,-5,-1,-2
1511948399849140 ,-1,2,1,0,-5,-5,-2,-1
1511948399849140 ,-1,-1,-6,-6,1,-1,0,0
1511948399862680 ,-4,-9,-2,19,-3,-3,-4,-3
1511948399862680 ,1,3,10,-24,-7,4,0,-2
1511948399871700 ,-3,-2,-19,-8,4,0,-1,-2
1511948399871700 ,-1,2,6,-2,-13,-2,1,0
1511948399885360 ,-2,-1,2,7,11,1,0,-1
1511948399885360 ,-3,-6,-17,4,-10,-5,-1,-1
1511948399894260 ,-3,0,7,1,-2,1,0,-1
1511948399894260 ,0,-4,-20,-9,6,-2,-1,-2
1511948399900400 ,-1,2,4,-16,-11,-4,-3,-2
1511948399900400 ,-2,1,8,8,3,3,-6,-2
1511948399909300 ,0,0,1,24,-1,-1,0,-1
1511948399909300 ,-2,-2,2,10,1,-4,0,-1
1511948399922850 ,-1,1,-3,13,11,-6,-3,1
1511948399922850 ,0,0,0,-4,-5,2,0,-1
1511948399931860 ,1,-1,-2,-1,7,-2,-1,0
1511948399931860 ,-1,1,0,-15,-3,-3,-2,-3
1511948399945400 ,-2,-1,0,14,-14,-4,-2,-1
1511948399945400 ,-3,3,4,-12,7,1,-1,-1
1511948399954420 ,0,-3,-17,-3,-9,2,0,0
1511948399954420 ,-1,-3,-1,3,0,1,-2,-2
1511948399960470 ,-1,-1,-1,-2,-2,0,1,-1
1511948399960470 ,-1,-6,-6,-19,-13,-2,-1,-2
1511948399969460 ,0,1,11,22,4,-3,-1,1
1511948399969460 ,0,-2,-2,-23,7,1,-2,-1
1511948399991530 ,-2,-1,1,-6,-19,-1,0,-2
1511948399991530 ,1,1,12,15,6,-3,-1,-1
1511948399993520 ,-4,-2,-12,-6,7,2,-1,-2
1511948399993520 ,0,-4,0,9,-1,1,-3,-1
1511948400014090 ,0,-1,0,8,1,3,1,-2
1511948400014090 ,-1,0,8,5,10,-2,-1,-1
1511948400023100 ,0,-1,1,-8,-4,-12,-3,-2
1511948400023100 ,-2,0,1,-11,-2,7,0,-2
1511948400024110 ,-3,-3,-6,-10,1,-4,-1,-2
1511948400024110 ,-3,1,6,6,-11,-1,-3,-1
1511948400029120 ,-1,-1,0,10,8,2,0,-1
1511948400029120 ,-2,-4,-1,-15,2,-5,-1,-2
1511948400042650 ,0,-3,-17,-16,-18,-3,-2,-2
1511948400042650 ,1,2,0,13,-15,-5,-2,-2
1511948400051680 ,-2,-10,-10,-30,9,2,0,-1
1511948400051680 ,-2,0,3,10,-8,-1,-1,-1
1511948400065340 ,-2,0,-1,10,19,3,0,-1
1511948400065340 ,-2,1,6,5,-12,-4,-2,-2
1511948400074240 ,0,2,-5,-4,-12,-3,-2,-1
1511948400074240 ,-5,-3,-4,-5,-3,-3,-3,-2
1511948400080320 ,-2,-1,6,10,4,1,-2,-2
1511948400080320 ,-1,-2,-6,-18,-1,-3,-1,0
1511948400089280 ,1,-4,-8,16,9,-3,-1,-2
1511948400089280 ,-2,-2,-1,3,-16,-4,-3,-2
1511948400102820 ,-2,1,5,-7,-2,-2,-1,-1
1511948400102820 ,-2,-2,-1,-2,14,1,0,-2
1511948400111900 ,-1,4,10,-15,-10,-2,0,-1
1511948400111900 ,0,-2,-11,-14,1,2,0,-1
1511948400125430 ,-1,-2,4,25,-6,-4,-1,-1
1511948400125430 ,-1,-4,-7,6,8,0,-2,-1
1511948400134460 ,-2,-4,-3,4,-6,-1,0,0
1511948400134460 ,-2,-1,-4,-12,-15,-6,-2,-2
1511948400149000 ,-1,0,6,-21,-5,-3,-2,-3
1511948400149000 ,-2,-4,-3,6,0,3,-2,-2
1511948400151000 ,-1,2,-21,10,0,-3,-2,-2
1511948400151000 ,-3,-6,3,5,9,1,-2,0
1511948400163060 ,-1,-1,-5,-30,-7,-3,-2,0
1511948400163060 ,-4,-4,-7,6,0,0,-2,-2
1511948400171580 ,2,1,12,22,0,-1,-1,0
1511948400171580 ,-2,2,4,11,-24,-6,0,0
1511948400186180 ,-1,-4,-10,2,26,2,-1,-2
1511948400186180 ,0,-2,2,-10,-22,-3,-1,-1
1511948400192640 ,-3,3,2,-12,4,5,0,-2
1511948400192640 ,0,1,-2,-1,-2,-2,-1,-2
1511948400200220 ,-2,-5,2,3,-7,-5,-2,-1
1511948400200220 ,-1,0,-2,-5,13,2,0,0
1511948400209180 ,-1,-3,-2,-4,-6,-3,-1,1
1511948400209180 ,-1,1,-1,15,9,1,-2,0
1511948400231800 ,-3,-2,3,9,-5,-2,-3,-2
1511948400231800 ,0,-3,-10,-14,1,-8,-2,-2
1511948400233240 ,-1,-2,1,-16,1,0,0,-1
1511948400233240 ,-2,-7,0,11,3,8,0,-1
1511948400254800 ,-1,-1,-18,-18,-2,-1,-1,0
1511948400254800 ,-3,-2,0,0,-1,-4,-1,-3
1511948400256300 ,-2,-1,4,5,-3,-2,-2,-1
1511948400256300 ,0,3,5,-1,2,-2,0,-1
1511948400269840 ,-2,-5,-5,-7,-16,0,-2,-3
1511948400269840 ,-1,-1,0,-5,2,-1,1,-2
1511948400271340 ,-3,-4,1,-11,1,-3,-2,-1
1511948400271340 ,0,-1,10,0,3,0,0,0
1511948400282940 ,-1,-2,-22,0,-6,0,-1,-2
1511948400282940 ,-3,-3,-16,-34,-6,-1,-2,-2
1511948400291900 ,1,2,3,17,0,-1,-1,-1
1511948400291900 ,0,-3,0,4,0,-4,-1,0
1511948400305960 ,-2,-1,1,-11,5,-3,0,0
1511948400305960 ,-1,-7,-17,1,1,0,-2,-2
1511948400313020 ,-2,0,-3,-2,1,-1,-2,0
1511948400313020 ,-1,3,3,-2,-11,-2,0,-1
1511948400336520 ,0,1,8,0,-2,1,-2,-3
1511948400336520 ,-1,-1,-2,3,5,2,-1,-2
1511948400338520 ,-2,-2,8,15,2,-2,-1,-1
1511948400338520 ,0,-1,-3,-12,1,-7,-2,-1
1511948400343150 ,-2,-3,8,10,-9,-4,-1,-1
1511948400343150 ,0,3,5,8,8,2,0,0
1511948400352060 ,0,1,-5,-28,-12,-2,0,-1
1511948400352060 ,-2,-3,-14,7,5,7,-1,-1
1511948400366660 ,-2,-2,3,3,17,2,1,0
1511948400366660 ,0,-1,5,2,-14,1,-2,-1
1511948400373140 ,-2,1,1,-18,0,-5,-2,-2
1511948400373140 ,0,0,4,-6,-1,-6,-2,-1
1511948400396700 ,-4,-8,-10,-22,-15,-5,-2,-1
1511948400396700 ,-1,0,-8,26,15,-1,2,-1
1511948400398180 ,-2,-1,9,11,-9,3,1,-2
1511948400398180 ,-1,-2,-22,-18,8,1,-1,-3
1511948400402720 ,0,2,9,1,-18,-4,-2,-2
1511948400402720 ,-1,0,9,0,-7,-4,-2,-1
1511948400411720 ,1,-1,0,11,14,2,0,0
1511948400411720 ,-1,0,1,-24,-14,-5,-1,-1
1511948400426260 ,0,-3,-5,24,5,1,-2,-3
1511948400426260 ,1,-2,12,2,4,0,-3,-1
1511948400440360 ,1,0,-5,-3,0,-2,-2,-1
1511948400440360 ,-1,-1,-1,-4,-3,-2,-1,0
1511948400449380 ,-1,1,-6,-9,1,-2,-2,-2
1511948400449380 ,-3,1,17,16,1,3,-1,0
1511948400450820 ,-2,-3,-6,15,-4,-1,0,-2
1511948400450820 ,-1,-5,-10,-17,-12,-4,-2,-2
1511948400462880 ,-2,0,0,20,13,0,-1,-2
1511948400462880 ,1,1,-2,-4,3,-6,-1,-3
1511948400471880 ,-3,0,5,-1,-5,0,-3,-1
1511948400471880 ,-2,-1,2,-18,-11,1,-1,-1
1511948400486070 ,-1,-3,-3,6,-3,1,0,-1
1511948400486070 ,-3,-2,-8,-28,-7,1,-1,-2
1511948400493020 ,1,-4,-6,19,-3,-8,-2,-1
1511948400493020 ,-2,-1,1,2,2,-3,-4,-2
1511948400509060 ,-2,1,5,-9,14,3,-2,-2
1511948400509060 ,-1,0,-9,2,-21,-7,-2,-1
1511948400510570 ,-2,-4,3,-16,8,4,0,0
1511948400510570 ,-1,0,6,20,1,-2,0,-1
1511948400531620 ,-2,-3,-11,-13,-6,4,-2,-2
1511948400531620 ,0,-2,-11,-26,11,-5,-1,-1
1511948400533120 ,0,1,14,-8,-11,-5,-2,-1
1511948400533120 ,-1,-9,-14,26,0,-4,-1,-1
1511948400546190 ,-1,-2,-8,-16,-3,-1,-2,0
1511948400546190 ,-1,1,3,4,-6,4,-1,-2
1511948400552810 ,0,-1,-5,-12,-1,3,0,-1
1511948400552810 ,-1,3,6,-16,-2,-4,-1,-1
1511948400569270 ,-1,1,13,20,4,-2,-1,0
1511948400569270 ,-3,-5,-14,5,-8,-5,-4,-2
1511948400570750 ,0,3,11,-11,2,2,-3,0
1511948400570750 ,1,-2,-27,5,-3,-3,-1,-1
1511948400582850 ,-4,-2,2,5,-3,-1,-1,-2
1511948400582850 ,-1,0,11,-3,7,4,0,1
1511948400591800 ,-2,-4,-10,-15,-2,0,1,-2
1511948400591800 ,-2,0,7,19,2,1,-2,0
1511948400605910 ,0,-1,-1,-20,-4,-6,-2,0
1511948400605910 ,-2,-1,0,3,-6,-7,-2,-2
1511948400614360 ,-3,-3,-22,-11,-3,3,-1,-1
1511948400614360 ,-3,-1,21,-3,2,-3,-2,-1
1511948400629430 ,0,-1,-11,14,-2,-6,-1,-1
1511948400629430 ,-2,-2,3,-27,0,6,-1,-1
1511948400630910 ,-1,-3,-4,12,16,0,-1,-2
1511948400630910 ,0,1,7,5,-18,1,0,0
1511948400643010 ,0,-1,-4,2,13,-4,-4,0
1511948400643010 ,-1,-3,-4,-9,0,-3,-1,-1
1511948400651960 ,-2,-5,-16,-1,-3,-2,-3,-2
1511948400651960 ,-1,1,8,8,4,2,0,-1
1511948400673520 ,-2,-2,-6,-12,-7,1,0,-2
1511948400673520 ,-1,0,-11,9,1,-5,-1,-1
1511948400682040 ,-2,0,18,9,-16,-3,-2,-1
1511948400682040 ,-1,-1,-3,-21,1,-5,0,-1
1511948400689130 ,0,1,-2,25,3,5,-1,-3
1511948400689130 ,0,0,-3,-9,6,2,1,-1
1511948400691070 ,-3,-2,10,21,-7,-6,-1,0
1511948400691070 ,0,-2,-5,-7,-2,2,-2,0
1511948400702620 ,0,0,8,-6,-9,-4,-2,0
1511948400702620 ,-3,0,-1,8,-4,0,-1,-3
1511948400719140 ,-1,-4,-2,-15,-1,-2,-3,-1
1511948400719140 ,-2,-3,-8,21,7,1,0,-1
1511948400726160 ,-1,0,-3,-30,-2,1,1,-1
1511948400726160 ,-2,-1,5,2,1,-2,-2,0
1511948400732690 ,-1,2,16,-5,0,-2,-1,1
1511948400732690 ,0,-4,-14,23,4,-1,-2,-1
1511948400749230 ,-1,1,1,11,0,-1,-3,-2
1511948400749230 ,-1,-2,-5,-40,-7,-2,-1,-3
1511948400750730 ,-1,-4,-12,-6,-4,-3,0,-1
1511948400750730 ,-2,3,-3,0,5,0,0,-1
1511948400762880 ,-2,-1,-3,-2,2,0,-1,0
1511948400762880 ,-2,-4,-2,14,-4,-2,1,-2
1511948400771780 ,0,3,-9,0,-4,0,-3,-1
1511948400771780 ,-2,-3,10,-17,0,-2,-2,-2
1511948400786060 ,-1,-2,-2,-1,-11,-5,-2,-2
1511948400786060 ,2,0,-1,23,14,3,-1,0
1511948400792630 ,-1,-2,-5,-5,-3,0,-1,-2
1511948400792630 ,-2,-4,-5,-8,-3,-1,-1,-2
1511948400809180 ,-1,-2,9,-19,5,-7,-1,-2
1511948400809180 ,-1,-2,2,0,-13,-2,-3,-2
1511948400810620 ,-1,-1,-1,14,-1,2,1,-1
1511948400810620 ,-2,-1,0,3,5,0,-2,-1
1511948400822650 ,-1,1,6,-21,-11,-3,-1,-1
1511948400822650 ,-1,-4,-11,2,5,-5,-2,0
1511948400831680 ,-2,-6,-10,5,-4,-1,-1,-1
1511948400831680 ,-3,-1,-5,-15,-11,-3,-2,-2
1511948400845780 ,-2,-1,0,9,-5,-1,-3,-1
1511948400845780 ,-1,0,10,1,7,1,-1,0
1511948400854230 ,0,-2,-6,-11,1,-4,-1,-1
1511948400854230 ,0,-4,-10,3,2,-4,-2,-1
1511948400869340 ,-2,0,6,-23,-5,1,1,0
1511948400869340 ,-2,0,0,46,-6,-2,-1,-1
1511948400870780 ,0,2,-3,-20,0,-3,-1,2
1511948400870780 ,-1,-1,8,-4,-5,-1,0,-2
1511948400890840 ,-1,0,2,15,8,1,0,-3
1511948400890840 ,-1,-1,-2,-29,-10,1,-1,-2
1511948400899360 ,-1,0,2,26,14,0,0,-2
1511948400899360 ,-2,-3,-5,-17,3,-1,-1,-2
1511948400905880 ,-1,-2,-4,14,1,-5,-1,0
1511948400905880 ,-2,2,2,5,10,-9,-1,0
1511948400912900 ,-2,-2,-4,-17,-30,4,-2,-1
1511948400912900 ,-1,-1,-1,7,-2,-1,-1,-1
1511948400929440 ,-1,0,3,17,9,4,-1,-2
1511948400929440 ,0,0,-5,-2,-7,3,-1,-1
1511948400930940 ,-1,1,14,-2,7,-5,-1,-1
1511948400930940 ,-1,-2,-10,-23,-6,-7,-5,-1
1511948400943060 ,-3,-8,-4,26,-7,-3,-2,-2
1511948400943060 ,0,1,-17,-8,5,3,0,0
1511948400959570 ,-2,-9,-8,4,-2,-3,-3,-3
1511948400959570 ,-3,-4,2,5,-4,-2,-2,-3
1511948400966090 ,-1,0,6,-18,-3,-6,-1,-2
1511948400966090 ,1,-2,-13,0,-4,0,-2,0
1511948400980630 ,-2,1,7,1,1,1,1,-1
1511948400980630 ,-2,-1,0,12,4,-2,-2,-1
1511948400989150 ,-2,0,-3,-17,-9,2,-1,-1
1511948400989150 ,0,-1,1,-6,4,4,2,-1
1511948400990650 ,-1,-3,-12,-25,-8,-7,-3,-2
1511948400990650 ,-2,-5,2,4,2,-6,-3,-2
1511948401002750 ,0,0,-9,-9,4,5,-1,-2
1511948401002750 ,0,0,13,4,-8,0,-2,-2
1511948401028250 ,-1,1,13,-1,2,-6,-3,-3
1511948401028250 ,-2,-1,-17,7,-4,-2,0,0
1511948401029260 ,0,-3,-4,-10,6,7,-2,-4
1511948401029260 ,0,0,12,-5,-8,-2,-1,0
1511948401032830 ,-2,-4,-26,46,-2,-3,-4,-1
1511948401032830 ,-1,4,10,-34,0,1,-2,-2
1511948401049370 ,-3,-8,-6,-1,4,-4,-2,-1
1511948401049370 ,-1,-1,-1,-5,-12,-3,-1,-1
1511948401050810 ,-1,0,3,-8,-2,0,-3,-3
1511948401050810 ,-1,-1,-2,1,-6,-1,-2,0
1511948401062850 ,-1,-1,-5,2,2,-9,-3,0
1511948401062850 ,-2,1,3,-23,-1,-1,-1,0
1511948401071870 ,-1,0,1,26,3,-1,1,0
1511948401071870 ,-2,-4,-1,-3,0,3,0,-1
1511948401085970 ,-1,-4,-8,-16,-8,1,0,-3
1511948401085970 ,0,0,1,1,8,-1,-3,-2
1511948401092990 ,0,-2,-11,-16,-2,-4,-1,-3
1511948401092990 ,0,0,-1,0,-4,2,-1,-2
1511948401108530 ,-1,0,6,22,-4,-4,-4,-1
1511948401108530 ,-1,0,-2,-6,6,-4,-2,-1
1511948401123550 ,-1,-1,-7,-10,-16,0,1,-1
1511948401123550 ,-3,-3,3,-6,-7,-1,-3,-2
1511948401131590 ,0,-1,-5,-8,3,3,0,-1
1511948401131590 ,-1,-1,-14,31,2,0,-1,1
1511948401133030 ,-4,-7,5,-18,4,-10,-2,-1
1511948401133030 ,-3,-5,-19,1,1,-2,-4,-1
1511948401146070 ,0,2,3,-7,-2,3,2,-1
1511948401146070 ,-1,1,15,1,-10,0,0,-2
1511948401152610 ,-1,1,-3,14,11,1,-2,0
1511948401152610 ,-3,-4,3,10,0,-3,-2,-2
1511948401176650 ,-1,-1,0,1,-5,-2,-3,-2
1511948401176650 ,0,0,-4,-15,1,1,1,-2
1511948401178150 ,-2,1,4,6,-2,-3,-1,-1
1511948401178150 ,-2,0,1,-7,-3,0,-2,-3
1511948401182660 ,-1,0,-9,-9,-4,-3,-3,-1
1511948401182660 ,1,-2,-13,2,3,-5,-1,0
1511948401191690 ,-1,0,29,-2,-5,2,-1,0
1511948401191690 ,-2,-2,-22,7,3,-1,-1,-2
1511948401206250 ,-1,-2,4,-8,-3,-3,-3,-1
1511948401206250 ,-1,-2,-3,11,2,-3,-2,-2
1511948401212770 ,0,-1,-4,-20,0,0,-2,-2
1511948401212770 ,-2,-1,6,23,-7,-1,-2,-3
1511948401236810 ,-1,2,12,7,1,-2,0,-1
1511948401236810 ,-2,-7,-19,-4,-3,-1,-1,0
1511948401238310 ,-1,-1,-6,-8,0,-1,-1,-1
1511948401238310 ,-1,-6,9,-2,7,1,-2,-3
1511948401251880 ,-2,0,-17,-10,-10,-3,-3,-4
1511948401251880 ,0,3,11,0,9,-1,0,-1
1511948401253350 ,-1,2,-7,-5,-8,0,0,-2
1511948401253350 ,-3,-6,-9,-16,4,-7,-1,-2
1511948401274410 ,0,2,9,2,1,1,-2,0
1511948401274410 ,0,1,5,6,-2,-1,0,0
1511948401275910 ,-2,0,-14,-3,-5,0,-2,-2
1511948401275910 ,1,4,8,-21,-9,-3,-1,-1
1511948401304490 ,-2,-4,-8,16,6,1,-1,-1
1511948401304490 ,-1,-1,1,-3,2,2,-1,-1
1511948401312550 ,-1,-3,-6,-10,-4,0,-1,-1
1511948401312550 ,-2,-3,0,14,0,-5,-2,-1
1511948401313010 ,-2,-4,-1,-1,3,-6,-4,-1
1511948401313010 ,-1,1,3,1,-7,0,0,0
1511948401314510 ,-2,-1,-1,-4,1,0,-1,0
1511948401314510 ,-4,-4,1,2,-6,0,-1,-2
1511948401326040 ,-1,2,3,1,-7,-1,-1,-2
1511948401326040 ,-1,1,12,-2,-1,0,1,-1
1511948401340600 ,-2,-3,-11,-13,0,-2,-1,-2
1511948401340600 ,0,-1,-12,-3,-4,-4,0,-1
1511948401348670 ,-2,-4,-4,-12,-2,-2,-4,-2
1511948401348670 ,0,0,2,25,-4,2,-1,0
1511948401362640 ,-3,0,5,-16,2,-4,-2,-2
1511948401362640 ,-2,-5,-3,-18,1,5,-3,0
1511948401370660 ,-4,1,-2,13,0,-6,0,0
1511948401370660 ,-1,-1,0,4,8,4,-2,-2
1511948401379190 ,-2,-6,-10,7,-3,-5,-2,-3
1511948401379190 ,-1,1,1,-9,-4,-3,-1,-1
1511948401386210 ,-2,-2,-7,1,-7,-1,-4,-5
1511948401386210 ,0,-2,2,0,-6,-3,-1,-1
1511948401400310 ,-1,0,-3,-12,0,-2,-2,0
1511948401400310 ,-1,0,2,4,0,1,-1,-1
1511948401408780 ,0,2,5,-2,-6,3,1,-1
1511948401408780 ,-2,-2,0,-13,-12,-6,0,-1
1511948401415280 ,-1,-2,-4,26,13,-2,-4,0
1511948401415280 ,-3,-2,-6,-17,-5,-2,-1,-1
1511948401431880 ,-2,-1,9,13,8,-1,-1,-1
1511948401431880 ,-1,1,1,-7,-3,4,-1,-3
1511948401433330 ,0,-1,1,-2,3,0,1,-1
1511948401433330 ,-2,-2,-7,-3,-11,-8,-3,-2
1511948401446510 ,-1,-2,-1,-1,4,0,-3,0
1511948401446510 ,-2,-4,-8,-8,1,0,0,-2
1511948401454530 ,1,2,10,12,-2,-1,-2,0
1511948401454530 ,-1,-6,-4,-13,-4,0,-4,-4
1511948401476590 ,-3,-3,-7,-17,1,-4,0,-1
1511948401476590 ,1,3,6,18,8,-1,1,0
1511948401478090 ,-2,1,6,5,-9,1,-2,-2
1511948401478090 ,-2,-2,-16,-7,2,-2,-1,-1
1511948401491690 ,-2,-2,-2,25,11,5,-1,-2
1511948401491690 ,-1,1,-4,-16,-6,-4,-1,0
1511948401493130 ,-1,-6,-3,4,-3,1,0,-1
1511948401493130 ,-2,-6,6,9,11,1,-2,-4
1511948401506170 ,-1,1,-4,-13,1,-4,-1,-2
1511948401506170 ,0,-3,-14,-32,-8,-3,-1,-2
1511948401512750 ,-2,0,-6,18,-4,-2,-3,-1
1511948401512750 ,0,-1,15,1,-3,-3,-1,-1
1511948401528230 ,1,-1,3,16,-5,1,-3,-3
1511948401528230 ,-1,-5,-9,6,2,1,0,-1
1511948401542770 ,-2,-2,-4,-25,-2,-2,-2,-2
1511948401542770 ,-1,3,2,3,-1,-1,-4,-2
1511948401551850 ,-3,-6,-6,-4,7,-3,-2,-1
1511948401551850 ,-1,1,2,4,-11,-2,0,0
1511948401553290 ,-2,-5,-3,-9,5,0,-2,-3
1511948401553290 ,-1,3,-1,10,-9,-3,-1,-1
1511948401566060 ,-1,-1,1,-20,-13,-5,-2,-2
1511948401566060 ,0,1,-1,10,19,-1,-2,-2
1511948401573020 ,-4,-4,-11,-23,-2,7,-1,-2
1511948401573020 ,-5,-4,18,13,6,2,0,-2
1511948401588630 ,-2,0,-13,-7,-20,-5,-2,-3
1511948401588630 ,-1,0,-9,-24,-1,-7,-2,-1
1511948401595600 ,0,2,3,13,-15,-4,0,-1
1511948401595600 ,-1,0,0,15,8,-4,-2,-2
1511948401619210 ,-2,-1,1,-12,-3,9,0,-2
1511948401619210 ,0,1,2,-2,-1,-3,-2,-1
1511948401620640 ,-3,-7,-2,12,1,-7,-2,-1
1511948401620640 ,-2,-2,-19,-27,-3,1,-2,-1
1511948401626220 ,0,-2,5,0,-5,-6,0,-3
1511948401626220 ,0,-2,-14,-15,5,3,-1,-2
1511948401640260 ,-3,1,11,17,4,-1,-2,-2
1511948401640260 ,-2,-1,-12,0,-4,-3,-1,-1
1511948401648760 ,-4,-6,-9,-16,0,-1,-1,-1
1511948401648760 ,1,1,14,12,-1,4,-2,0
1511948401655300 ,-1,-7,-16,-21,-5,-4,-2,-3
1511948401655300 ,-1,0,3,0,-7,-5,0,0
1511948401678870 ,-1,-1,15,2,4,0,-1,-2
1511948401678870 ,-2,-5,-30,-12,-7,-1,-1,-1
1511948401686490 ,0,2,-1,4,-2,-4,-2,-1
1511948401686490 ,0,4,-5,3,-6,1,0,0
1511948401687490 ,-2,-4,3,-9,3,-3,-1,-2
1511948401687490 ,-4,-3,10,16,-20,-10,-2,-1
1511948401692610 ,1,2,-8,1,19,10,1,-1
1511948401692610 ,-2,-5,-6,-20,2,1,-1,-5
1511948401708680 ,-2,1,-11,4,-5,-8,0,0
1511948401708680 ,-2,-5,4,-5,5,-1,-1,-1
1511948401722690 ,-1,2,7,-12,-14,2,1,0
1511948401722690 ,-1,-1,2,1,0,-3,-2,-2
1511948401731720 ,0,-2,-6,12,9,2,0,-1
1511948401731720 ,-2,0,2,-4,-8,-2,-2,-2
1511948401733220 ,-1,-3,0,-11,-10,-7,-2,-1
1511948401733220 ,-2,-3,-2,14,2,1,-2,-2
1511948401761820 ,-2,-3,3,-30,1,-2,-3,-2
1511948401761820 ,-1,-3,-13,18,8,2,-1,0
1511948401763300 ,-2,0,-1,0,-13,-3,-1,0
1511948401763300 ,-2,0,-2,-14,-3,-2,-1,-2
1511948401768380 ,-1,0,18,-13,-10,1,-1,-1
1511948401768380 ,-1,-3,-18,14,-4,1,-4,-1
1511948401775360 ,-1,-1,6,-8,-9,-5,-1,-1
1511948401775360 ,1,-1,-11,5,-2,-1,1,-2
1511948401791880 ,-2,0,5,33,19,1,-4,-2
1511948401791880 ,-1,3,16,-29,-31,-8,0,0
1511948401793380 ,-2,-1,1,2,-3,3,-1,-1
1511948401793380 ,-1,-5,0,0,1,2,1,-1
1511948401814440 ,-1,-1,-14,-15,-6,3,0,-1
1511948401814440 ,-2,-2,4,18,11,1,0,0
1511948401815940 ,-1,-1,-4,9,0,-4,-5,-2
1511948401815940 ,0,0,7,-20,1,-5,-1,-2
1511948401828540 ,0,-3,-11,3,8,2,-2,-2
1511948401828540 ,-1,1,4,-15,-14,1,-1,-2
1511948401835490 ,0,1,2,10,-2,-3,-1,-1
1511948401835490 ,-1,0,0,27,23,-1,-1,-1
1511948401852100 ,-2,0,3,-18,-10,-6,-4,-1
1511948401852100 ,0,2,2,-26,-1,1,-1,-1
1511948401858090 ,-3,-6,-13,-4,6,-1,0,-2
1511948401858090 ,-1,-1,-6,-5,-25,-2,-3,0
1511948401865100 ,-2,-2,2,-4,-3,-2,-2,-2
1511948401865100 ,1,-1,1,20,19,3,1,-1
1511948401874100 ,0,-2,1,-16,-10,-4,-2,0
1511948401874100 ,-2,1,4,9,10,2,0,-1
1511948401896720 ,0,-1,-7,-7,-21,-4,-1,-3
1511948401896720 ,-2,-3,7,-7,11,4,-2,-1
1511948401898160 ,-1,-4,-8,-9,-10,-4,-1,-2
1511948401898160 ,-2,-3,-4,-1,-5,-3,-2,-2
1511948401919340 ,-1,-1,-2,-4,-9,-1,-2,2
1511948401919340 ,0,-3,-5,-5,11,2,-1,-1
1511948401920720 ,-2,-2,-3,1,-7,-4,-1,-2
1511948401920720 ,-3,-2,5,-3,-19,-6,-3,-3
1511948401925230 ,-1,-1,-7,-29,11,1,0,-2
1511948401925230 ,-1,1,11,28,-6,-3,-2,-2
1511948401934260 ,-1,-2,-4,-16,7,1,-1,0
1511948401934260 ,-2,-3,-3,-5,3,1,-2,-2
1511948401964340 ,-2,-2,-1,41,-9,-5,-1,-3
1511948401964340 ,-3,0,2,-12,8,-1,-1,0
1511948401965840 ,-2,-3,-5,-20,-20,-3,-1,-2
1511948401965840 ,-2,0,11,13,-2,-3,0,-2
1511948401971860 ,-4,-1,-9,-7,21,7,0,-1
1511948401971860 ,1,-1,1,21,2,-3,0,-1
1511948401973360 ,-1,1,-6,-13,11,-3,-1,0
1511948401973360 ,-3,-1,11,15,-2,-2,-4,-1
1511948401985400 ,-1,-3,-10,14,7,-1,-2,-1
1511948401985400 ,-1,-1,-13,-12,-13,-3,-2,-1
1511948402001940 ,0,0,2,16,2,-2,-1,0
1511948402001940 ,-1,-2,-5,-24,-10,-1,-2,0
1511948402008450 ,-3,-2,3,15,10,-2,-1,-2
1511948402008450 ,-1,0,2,13,1,5,0,-1
1511948402022990 ,-2,-3,-7,-17,7,0,-1,-2
1511948402022990 ,-2,-3,2,4,2,-1,-1,-2
1511948402031080 ,-1,-2,5,33,-2,-3,-2,-2
1511948402031080 ,0,0,-6,6,-10,-4,-2,0
1511948402037530 ,-2,-6,0,-15,13,2,0,0
1511948402037530 ,-1,-1,-7,12,-2,0,-4,-2
1511948402045550 ,-1,-4,-8,-13,8,-3,-3,-3
1511948402045550 ,0,3,12,-18,-9,-2,-1,-2
1511948402054580 ,-1,-3,2,38,2,-3,0,-2
1511948402054580 ,-1,-2,-14,-15,-1,-2,-1,-1
1511948402069120 ,-1,-4,-2,4,-1,-2,-1,-1
1511948402069120 ,-1,2,6,-9,-14,-4,0,-2
1511948402075200 ,-2,-4,4,-22,-7,-4,-2,-2
1511948402075200 ,-1,3,0,-14,13,3,-1,-2
1511948402091680 ,-1,-3,-20,-9,-12,-2,-2,-4
1511948402091680 ,0,0,3,4,3,-2,0,0
1511948402114860 ,0,0,-11,-4,0,0,-2,-1
1511948402114860 ,-1,-3,19,-1,3,-1,-2,-2
1511948402116740 ,-1,0,-25,-10,-11,0,0,-1
1511948402116740 ,-1,-1,-6,-14,4,1,0,0
1511948402117240 ,-2,4,6,31,6,-3,-1,-1
1511948402117240 ,-2,-1,1,-8,-6,-4,-1,1
1511948402137300 ,-2,0,7,-28,-6,1,-2,-2
1511948402137300 ,-2,-5,-5,15,4,-3,-3,-3
1511948402138300 ,-1,-2,-8,-2,0,-1,-2,0
1511948402138300 ,-2,-3,-3,-8,-20,-5,-1,-1
1511948402150360 ,-1,1,11,0,12,2,0,-1
1511948402150360 ,-2,-2,-3,-11,-9,-4,-3,-1
1511948402157920 ,-1,0,4,10,-14,1,-1,-1
1511948402157920 ,-2,-3,-14,-14,4,3,-1,-2
1511948402175010 ,0,0,5,-12,-1,-8,-2,-1
1511948402175010 ,-1,-2,-1,6,-4,-6,-2,0
1511948402176020 ,-2,1,5,25,6,9,1,1
1511948402176020 ,0,-5,-10,-7,-3,-4,-2,-2
1511948402197610 ,-1,-1,-14,-5,-6,-2,-1,-2
1511948402197610 ,-1,0,1,-16,3,-1,0,-1
1511948402198120 ,-1,0,6,-17,-2,-4,-3,-1
1511948402198120 ,0,0,-2,5,-7,1,-1,-1
1511948402211650 ,-2,1,7,-15,-2,5,-1,-2
1511948402211650 ,-2,-5,0,4,1,-2,-1,-2
1511948402217730 ,-1,1,-1,-12,-10,-4,1,-1
1511948402217730 ,-2,2,-2,4,21,1,-2,-1
1511948402241230 ,-2,0,5,20,-23,-5,0,-1
1511948402241230 ,0,-2,-5,-20,0,2,-1,1
1511948402241730 ,-2,-2,3,18,3,2,-2,0
1511948402241730 ,-1,-2,-3,-13,0,-2,-1,-2
1511948402255770 ,-2,1,8,3,-5,-1,-2,1
1511948402255770 ,0,-5,-18,51,9,-4,-2,-2
1511948402256770 ,0,0,2,-20,-4,-3,0,-2
1511948402256770 ,-1,-4,1,-2,-1,0,0,0
1511948402278390 ,-4,-2,-5,9,-7,-3,-1,-2
1511948402278390 ,0,1,8,10,0,1,-1,-2
1511948402279330 ,-2,-2,-11,-11,0,-1,-2,-1
1511948402279330 ,0,0,15,4,-15,-6,-1,-1
1511948402293390 ,-1,-3,-11,-8,10,4,-1,-2
1511948402293390 ,-1,2,9,-4,9,7,2,2
1511948402309410 ,-1,-2,-6,-20,-14,-6,-2,-1
1511948402309410 ,-2,1,-3,47,15,5,-1,-1
1511948402310920 ,-1,0,6,-13,-7,-5,-2,-2
1511948402310920 ,-2,0,-2,-3,-7,-4,-2,-1
1511948402316000 ,-1,-5,-1,-5,-2,-3,-2,-1
1511948402316000 ,-2,1,-14,-8,1,-3,-2,-2
1511948402330530 ,-1,-2,2,16,13,0,-3,-2
1511948402330530 ,0,0,-3,-13,-10,1,-1,0
1511948402337990 ,-3,-2,-1,0,0,-1,0,-1
1511948402337990 ,-1,-5,-6,-10,-13,-3,-1,0
1511948402353530 ,0,-2,-3,-11,3,0,0,0
1511948402353530 ,-1,1,6,-1,0,-2,0,0
1511948402354530 ,-2,-1,8,-3,4,1,-1,-2
1511948402354530 ,-1,-4,-20,-16,0,-2,-2,-2
1511948402370070 ,0,3,4,3,1,-2,-3,0
1511948402370070 ,1,-1,5,-11,-4,-4,0,0
1511948402383610 ,-2,-7,0,10,3,-1,0,-2
1511948402383610 ,-1,1,-8,2,-4,-2,-1,-4
1511948402415690 ,-1,-3,-2,-11,-6,-1,-1,-2
1511948402415690 ,-1,-1,-10,3,3,-1,-1,-1
1511948402416200 ,-1,4,1,-4,-7,-2,-3,-1
1511948402416200 ,-1,-1,3,-13,4,-1,0,-2
1511948402418200 ,-2,-3,4,-3,-23,-4,-2,-2
1511948402418200 ,1,0,-4,-8,8,2,0,-2
1511948402420210 ,-2,-7,4,28,5,0,1,-1
1511948402420210 ,0,1,4,16,-11,-3,-2,-1
1511948402435750 ,-1,-1,1,25,17,5,-1,0
1511948402435750 ,-2,1,5,-14,-5,-3,-2,-1
1511948402436750 ,-1,-10,-37,-23,-7,-3,-2,-1
1511948402436750 ,-2,0,-1,5,6,1,-3,0
1511948402451790 ,-1,-4,5,-13,-3,3,-1,-1
1511948402451790 ,-2,-2,-4,1,-8,-4,-1,1
1511948402457810 ,0,4,24,10,21,-1,-2,-2
1511948402457810 ,-3,-8,-20,-10,-8,-1,1,-1
1511948402474160 ,0,0,-1,-10,1,-2,-2,-2
1511948402474160 ,-1,-3,0,2,12,-3,-2,-2
1511948402489330 ,-1,3,0,-18,-9,2,0,-1
1511948402489330 ,-1,-5,-11,-22,-4,4,-2,-3
1511948402490710 ,-1,2,5,35,12,1,0,-1
1511948402490710 ,-1,-5,-9,-20,-20,-5,-2,-2
1511948402495350 ,1,3,6,14,8,-2,-1,-1
1511948402495350 ,0,1,9,-6,-4,-2,-2,-1
1511948402518350 ,-2,-2,-9,-11,-14,-2,0,-2
1511948402518350 ,1,1,6,-15,4,-3,-2,-1
1511948402519300 ,-1,-2,-7,0,-2,0,1,-2
1511948402519300 ,-2,-1,9,-7,-2,1,-2,0
1511948402533380 ,0,-1,-12,-22,-8,-6,-1,0
1511948402533380 ,-2,-6,-4,6,-8,1,-2,0
1511948402534330 ,-1,-1,-1,15,4,-3,-3,0
1511948402534330 ,2,2,12,1,5,5,2,-1
1511948402549370 ,-1,0,-4,-15,-20,-6,-4,-2
1511948402549370 ,-1,0,-5,8,5,2,-1,-1
1511948402555380 ,0,-2,-6,-1,-9,-4,-3,-1
1511948402555380 ,-1,0,0,30,12,-2,-2,-2
1511948402570420 ,0,0,5,-9,5,-3,0,-1
1511948402570420 ,-3,-2,0,0,-16,0,-1,-2
1511948402595060 ,-1,0,0,-26,-9,-2,-2,-1
1511948402595060 ,-2,-3,3,23,-1,-4,-3,-2
1511948402596550 ,-1,0,-14,12,17,3,1,-1
1511948402596550 ,-3,-5,1,-12,-5,-1,-2,0
1511948402597060 ,-1,0,8,33,-1,-4,-2,-1
1511948402597060 ,-2,-4,-16,-28,-9,-2,-2,0
1511948402625630 ,1,-3,8,30,4,1,0,-1
1511948402625630 ,-1,0,-1,13,-2,-5,-3,-3
1511948402626630 ,-2,-3,-3,-27,0,-1,-1,-2
1511948402626630 ,1,-1,-10,-10,-4,3,-1,0
1511948402630210 ,0,-1,7,7,5,3,0,0
1511948402630210 ,0,0,-7,-8,-4,-4,-2,-2
1511948402637660 ,-4,-2,0,8,11,-2,-3,-2
1511948402637660 ,-2,0,4,-20,-17,-5,-1,-2
1511948402653710 ,0,1,-2,11,4,1,0,0
1511948402653710 ,0,0,-1,-7,12,3,0,-2
1511948402654210 ,-2,-3,-5,-8,2,-2,-1,-2
1511948402654210 ,0,-2,-1,-4,-3,0,-1,0
1511948402669250 ,-1,-3,-3,3,-26,-7,-3,0
1511948402669250 ,-1,0,2,3,14,2,-1,1
1511948402675330 ,0,-1,-8,1,1,0,-1,-2
1511948402675330 ,-2,0,1,-10,-5,-3,-1,-1
1511948402691810 ,0,-1,0,-12,0,0,-1,-1
1511948402691810 ,-2,-1,1,24,-16,-5,0,-2
1511948402697820 ,-2,-3,-4,28,-2,1,-2,0
1511948402697820 ,1,-1,0,-5,2,-2,-1,-2
1511948402720960 ,-2,-1,0,-13,1,1,-1,-2
1511948402720960 ,-1,-3,-4,-18,-16,-2,-2,-1
1511948402721960 ,-2,-1,-4,-12,11,4,0,-2
1511948402721960 ,-1,-2,4,-3,10,-2,-1,-1
1511948402729480 ,-1,-1,-2,5,6,0,0,0
1511948402729480 ,-1,-2,-2,8,2,-2,-2,-1
1511948402735550 ,-1,-2,-2,-6,-17,-3,-1,-1
1511948402735550 ,-2,0,3,17,-4,-2,-2,-2
1511948402751580 ,-1,-2,-2,-15,2,-1,-2,-2
1511948402751580 ,-1,-2,-3,-1,-8,-3,0,1
1511948402758100 ,-2,-3,1,-19,7,3,-4,-1
1511948402758100 ,-2,-1,4,13,-6,-4,-1,-1
1511948402773640 ,-2,-1,-17,0,-11,-4,2,-1
1511948402773640 ,-2,-1,-2,-19,10,3,-1,-1
1511948402774140 ,-2,-2,1,-18,-27,-5,-3,-2
1511948402774140 ,-2,-1,-3,40,18,1,0,-2
1511948402787670 ,1,1,12,-10,-4,1,-1,-1
1511948402787670 ,-1,-1,-2,0,15,-1,-3,-3
1511948402795260 ,-1,-2,-5,-6,-21,-4,-2,-1
1511948402795260 ,-1,-1,-2,-12,-2,-1,0,-2
1511948402810300 ,0,-1,-3,16,-6,-5,-1,-1
1511948402810300 ,-1,-2,-4,7,10,1,-1,-2
1511948402817760 ,-1,-1,3,-4,-4,-4,-2,-3
1511948402817760 ,0,-2,-1,14,-4,-2,-2,0
1511948402843320 ,-1,-3,-1,-6,4,-2,0,-1
1511948402843320 ,-2,-3,-7,-28,-9,-2,-1,-2
1511948402843820 ,-1,-1,2,56,0,-4,-1,-1
1511948402843820 ,-1,-1,-3,-33,2,3,-1,0
1511948402847840 ,1,-2,-2,-9,9,1,-1,-1
1511948402847840 ,-2,0,3,-17,-12,-2,-3,-1
1511948402871990 ,-2,-2,-12,-2,-1,-4,-3,-3
1511948402871990 ,0,-3,4,-1,8,0,-2,-3
1511948402873490 ,0,1,7,-11,1,1,-2,-1
1511948402873490 ,-2,-1,1,-11,-7,1,2,0
1511948402878060 ,-2,-4,-17,13,1,-3,-1,0
1511948402878060 ,-2,-1,-1,-32,-2,-1,1,-2
1511948402894050 ,-2,-1,-7,1,5,-1,-2,-1
1511948402894050 ,-1,-1,5,21,-4,-3,-4,-1
1511948402901090 ,-2,-2,3,-24,5,1,-2,-3
1511948402901090 ,-2,-3,0,10,4,-2,-2,-1
1511948402908090 ,0,-1,1,21,-2,-2,-1,0
1511948402908090 ,-1,-1,-7,-16,-1,-2,0,-1
1511948402915180 ,0,-1,-2,-19,-4,-1,-2,-1
1511948402915180 ,-3,-2,-2,0,-13,-4,0,-3
1511948402930170 ,1,2,6,2,17,6,0,0
1511948402930170 ,-1,-2,-6,1,-7,-4,-2,-1
1511948402937670 ,-1,-2,2,16,-1,-1,-1,-2
1511948402937670 ,0,-1,-4,-17,-14,-4,-2,-1
1511948402960730 ,-3,-7,-8,13,10,0,1,-1
1511948402960730 ,-1,2,18,11,4,-1,-3,-3
1511948402969290 ,-3,-7,-34,-21,-14,-2,-3,-1
1511948402969290 ,0,2,0,-3,-4,-6,-1,-1
1511948402970750 ,0,1,-6,-1,4,4,0,-1
1511948402970750 ,-1,-5,-3,10,-6,-3,1,-1
1511948402975270 ,0,3,20,5,11,4,0,-1
1511948402975270 ,0,-1,-3,16,-8,-4,0,-1
1511948402990330 ,-1,2,1,-24,-13,-6,-1,0
1511948402990330 ,-2,-3,-4,17,6,0,-2,-1
1511948403005850 ,-1,-2,-3,-18,-19,-5,-3,-2
1511948403005850 ,-1,0,-1,4,0,0,2,-1
1511948403012930 ,1,-1,11,-4,24,3,0,-2
1511948403012930 ,-1,-2,-6,29,-6,-5,-2,-1
1511948403045450 ,-4,-4,-2,-12,6,-3,-4,-2
1511948403045450 ,-4,-2,-2,-6,-13,3,-2,-2
1511948403046960 ,1,0,-2,-31,-4,-3,-2,1
1511948403046960 ,-1,-2,-2,3,18,6,-1,-3
1511948403047960 ,-3,-3,2,16,-1,-3,-2,-1
1511948403047960 ,-1,-2,-3,-11,11,3,-3,-2
1511948403051970 ,-2,1,-2,1,-15,-5,0,-1
1511948403051970 ,-2,-1,-2,3,1,-2,0,-1
1511948403057990 ,-2,-2,0,-6,-8,-2,-1,-3
1511948403057990 ,-1,-1,-3,14,-1,-4,-2,-1
1511948403074550 ,-1,-1,3,2,-3,-5,-1,0
1511948403074550 ,-3,-2,-9,-13,16,8,-1,1
1511948403081200 ,-3,-2,15,12,1,-4,-2,-3
1511948403081200 ,-2,0,-13,-10,-23,-7,-3,-2
1511948403088090 ,-1,1,-8,14,22,5,0,-1
1511948403088090 ,0,-4,-2,-35,-13,-5,-3,-2
1511948403103630 ,-3,-7,-17,-15,5,1,-2,-1
1511948403103630 ,0,3,36,32,24,1,-2,-2
1511948403110210 ,1,-1,-10,-10,-19,0,-2,-2
1511948403110210 ,-1,-3,0,-14,-5,-3,-1,-1
1511948403117710 ,-2,-4,-1,17,6,-4,-2,1
1511948403117710 ,-3,-5,-8,2,-19,-2,-3,0
1511948403132730 ,-3,-2,4,26,1,-2,-1,-3
1511948403132730 ,-2,2,2,0,-7,-4,-3,0
1511948403141250 ,-1,-2,-3,-21,-3,-5,0,-2
1511948403141250 ,-3,-4,-7,-1,2,5,-2,-2
1511948403156280 ,1,0,1,-27,-10,0,0,-2
1511948403156280 ,-3,0,-2,20,-1,2,0,-2
1511948403156770 ,-2,-1,-2,12,-5,-6,-2,-2
1511948403156770 ,-1,0,-6,-10,17,-2,-1,0
1511948403179830 ,0,-4,2,-3,-10,-2,-1,-2
1511948403179830 ,-1,-3,-2,-15,-4,-4,-1,-3
1511948403180830 ,-2,0,8,-17,0,0,-2,-2
1511948403180830 ,0,-2,-17,18,0,-2,0,-2
1511948403192870 ,-1,0,-2,5,10,2,-2,0
1511948403192870 ,-2,-2,-1,-26,-30,-11,-2,-2
1511948403200960 ,0,2,6,11,19,3,0,-1
1511948403200960 ,-3,-3,-3,-23,-21,-5,-3,-3
1511948403215980 ,-2,0,1,26,9,4,-1,1
1511948403215980 ,0,0,-13,4,-12,-4,-1,-1
1511948403216960 ,0,-1,4,-20,-7,-1,1,-1
1511948403216960 ,-1,-3,4,-23,6,0,-2,-1
1511948403230550 ,-1,-1,-1,23,-6,-3,-1,-1
1511948403230550 ,-2,-1,-1,-12,-1,2,-3,-1
1511948403238010 ,-1,-1,-10,11,-8,-4,-2,-2
1511948403238010 ,-1,-1,1,-9,12,0,-1,-1
1511948403253050 ,0,-3,-15,-2,-26,-9,-2,-1
1511948403253050 ,-2,3,13,6,-2,2,0,0
1511948403261080 ,-4,-5,-12,-20,-10,-3,-2,-2
1511948403261080 ,-2,-6,-7,28,11,-4,-2,0
1511948403284140 ,1,1,6,-25,-11,1,0,0
1511948403284140 ,0,-4,-2,5,1,1,-2,-1
1511948403285140 ,2,1,2,-7,-1,-1,-2,-2
1511948403285140 ,-8,-2,-10,-9,-1,-2,-3,-3
1511948403290160 ,-1,-1,0,-11,-8,-6,-2,-2
1511948403290160 ,1,-1,-5,-1,20,1,-1,0
1511948403306230 ,-2,-1,4,-11,-11,-1,-1,-1
1511948403306230 ,2,1,1,-8,8,0,-2,0
1511948403321740 ,0,1,0,-1,5,1,1,-2
1511948403321740 ,-4,-3,-7,-20,-5,-4,-2,-3
1511948403322740 ,-3,-5,-14,-8,-5,0,-3,-1
1511948403322740 ,3,1,14,43,-2,0,2,-1
1511948403335770 ,-6,-1,0,-4,-1,-1,-1,-1
1511948403335770 ,1,-2,1,14,5,-1,-4,-3
1511948403336770 ,-2,-3,-6,-22,-3,-3,-2,0
1511948403336770 ,1,-3,-3,-13,-8,-2,-2,-3
1511948403350310 ,1,1,6,23,2,-3,0,-2
1511948403350310 ,-1,-1,-2,-5,10,-7,0,-1
1511948403365850 ,-3,-1,-2,-23,-6,9,-1,-2
1511948403365850 ,-1,-1,-7,-20,3,0,0,-1
1511948403372930 ,0,-3,8,14,-2,1,0,-3
1511948403372930 ,-4,-2,-4,8,5,-1,-1,-2
1511948403388410 ,-1,-1,-13,16,-21,-11,-3,-1
1511948403388410 ,1,0,2,-11,11,-4,0,-3
1511948403396000 ,0,0,-1,-12,6,0,1,-1
1511948403396000 ,0,1,12,-6,-11,2,-1,-1
1511948403396940 ,-1,1,7,25,10,5,-1,0
1511948403396940 ,-2,-3,-8,6,-5,2,-2,-2
1511948403410470 ,-1,-1,-4,-10,-9,-7,-3,-2
1511948403410470 ,-1,-4,-8,5,3,0,-1,0
1511948403418060 ,-1,0,0,13,7,-4,0,-1
1511948403418060 ,-4,-3,-5,-6,0,0,-3,-3
1511948403433080 ,-1,-3,0,-11,0,10,1,-2
1511948403433080 ,-1,-1,1,-2,12,-3,-1,0
1511948403441120 ,-1,-2,-5,-9,-6,-3,-5,-2
1511948403441120 ,-2,-4,0,1,-8,-12,-2,-2
1511948403456160 ,-2,2,-4,-22,1,-4,-2,0
1511948403456160 ,-3,-5,-1,16,4,1,0,0
1511948403456590 ,-1,-3,3,3,0,0,0,-2
1511948403456590 ,-2,1,-3,2,9,5,0,0
1511948403470130 ,-2,-5,-38,-19,-8,-2,-2,-2
1511948403470130 ,-3,-5,0,23,-13,-3,-2,-3
1511948403477690 ,-2,1,4,8,1,-3,-1,-1
1511948403477690 ,-1,2,9,-4,-9,-2,-3,-2
1511948403492800 ,-1,-1,0,-18,4,-1,-2,0
1511948403492800 ,-1,0,-2,24,7,-5,-2,-2
1511948403501280 ,-2,-3,-2,-11,-1,3,0,0
1511948403501280 ,-2,-5,-7,12,-6,2,-2,-1
1511948403524350 ,-3,0,8,26,-2,-6,-3,-2
1511948403524350 ,-2,-2,-6,-35,-13,-3,-2,-2
1511948403525320 ,-1,0,6,13,2,-2,1,0
1511948403525320 ,0,1,-5,1,8,-1,-2,-1
1511948403530410 ,0,-1,3,31,-7,0,0,-2
1511948403530410 ,-3,-5,-5,-9,-9,-1,-4,-2
1511948403537850 ,-2,-3,-2,-13,3,-5,-1,-1
1511948403537850 ,-1,-3,-9,-24,-9,-1,0,-1
1511948403552920 ,0,-2,21,5,3,1,-2,-1
1511948403552920 ,-3,0,7,-16,-4,-3,-2,-2
1511948403560950 ,-1,-7,-42,14,-1,-1,-3,-4
1511948403560950 ,-1,0,-3,-8,-9,-3,-1,-1
1511948403576020 ,-1,0,3,10,5,0,0,0
1511948403576020 ,0,-2,4,-18,-16,-2,0,-3
1511948403576960 ,-3,2,9,-1,26,4,-1,-1
1511948403576960 ,0,1,5,52,13,-3,-2,-1
1511948403598580 ,-2,-2,-7,-12,-15,-7,-2,0
1511948403598580 ,0,0,-2,2,-15,-6,0,-1
1511948403599520 ,0,0,3,-6,-13,4,1,0
1511948403599520 ,-4,-3,-6,-22,3,1,0,-2
1511948403613080 ,2,0,6,-10,5,0,-2,0
1511948403613080 ,-7,0,-7,1,4,-5,-1,-1
1511948403628660 ,-1,-4,0,-28,0,-5,-2,-3
1511948403628660 ,-1,0,5,28,-10,-3,-3,-2
1511948403636120 ,1,0,-5,-26,9,7,1,1
1511948403636120 ,0,-2,-10,-23,-6,-3,-1,-1
1511948403636620 ,-1,0,6,42,1,0,-4,-1
1511948403636620 ,-3,-2,-1,-25,-7,-3,-2,-2
1511948403650150 ,-3,-4,-3,15,0,-7,-1,-2
1511948403650150 ,0,-1,-3,-2,8,6,-2,-1
1511948403666250 ,1,0,1,-34,-8,-1,-2,-2
1511948403666250 ,-1,-2,2,26,-21,-2,-1,-2
1511948403672780 ,-2,1,-3,8,16,-4,-2,-2
1511948403672780 ,0,-3,-3,5,-15,-2,-2,0
1511948403688780 ,-1,-2,-2,-1,17,-1,-2,-2
1511948403688780 ,-2,-3,-1,-17,-7,-1,-2,-1
1511948403696280 ,-3,-3,-5,-2,-9,0,-3,-2
1511948403696280 ,-1,0,2,-3,15,-1,0,0
1511948403696780 ,0,0,1,-5,-12,-7,-3,-3
1511948403696780 ,-1,-2,0,6,14,13,0,-2
1511948403710380 ,3,1,2,5,13,-4,-1,0
1511948403710380 ,-6,-3,-3,6,-10,-3,-1,-1
1511948403717860 ,-1,-3,-3,-8,-13,-2,-2,-1
1511948403717860 ,0,1,0,-3,17,1,-1,-1
1511948403732940 ,-7,-1,-3,-8,-8,-2,-1,-1
1511948403732940 ,10,1,-3,7,-7,-3,-3,-2
1511948403740920 ,-18,-5,0,13,-3,-3,-2,-5
1511948403740920 ,-2,-1,-2,-34,-14,-4,-1,-3
1511948403755940 ,-2,0,1,-3,9,2,1,0
1511948403755940 ,0,-2,-2,20,-12,-2,0,-1
1511948403756940 ,1,-2,-1,-2,3,2,0,-2
1511948403756940 ,0,-2,-4,-24,-3,-4,-4,-3
1511948403771980 ,7,1,-1,1,-10,-1,-3,0
1511948403771980 ,-18,-5,-2,-16,-8,0,-2,-3
1511948403778060 ,5,-2,-3,-5,0,-1,-1,-2
1511948403778060 ,-4,-1,-2,16,-3,-3,-2,-1
1511948403809080 ,-5,-2,0,-15,-11,-3,-2,-2
1511948403809080 ,1,0,0,23,20,1,-1,-1
1511948403810080 ,1,-1,-1,-17,-1,-1,-2,-1
1511948403810080 ,-4,-2,-4,-10,-3,-2,-2,-2
1511948403816160 ,4,0,2,10,2,0,-2,1
1511948403816160 ,4,-3,-4,-12,-4,-4,-1,-1
1511948403817110 ,-3,-2,-3,0,-3,4,-2,-2
1511948403817110 ,0,-1,0,-3,1,-2,0,-2
1511948403838660 ,-3,-2,0,2,-6,2,0,0
1511948403838660 ,-3,-2,-4,-5,8,-2,-4,-3
1511948403839160 ,4,-1,-3,5,-5,-10,-3,0
1511948403839160 ,-1,-3,-3,-7,9,5,-1,-3
1511948403861780 ,-3,-3,-2,-3,-13,-4,0,1
1511948403861780 ,3,-1,0,0,-3,1,-3,-2
1511948403862220 ,-2,0,-2,-17,-7,-1,-1,-1
1511948403862220 ,-1,-2,-1,16,-2,-2,-4,-2
1511948403875780 ,-3,0,0,0,-16,1,0,-2
1511948403875780 ,3,-1,-4,0,14,-2,-1,-1
1511948403883770 ,-1,-1,-3,6,1,-1,-1,0
1511948403883770 ,3,-3,-2,-11,-9,-4,-2,-4
1511948403898320 ,-10,-2,-3,-12,-7,1,0,0
1511948403898320 ,0,0,0,20,-3,1,-2,0
1511948403899320 ,-3,1,1,19,7,-3,-1,-2
1511948403899320 ,-7,-2,-4,-2,-11,-4,-2,-2
1511948403923380 ,3,-1,-1,4,12,1,-1,0
1511948403923380 ,-1,-2,-3,-12,-14,-3,-1,-2
1511948403923880 ,7,-1,0,8,-3,-5,-2,-1
1511948403923880 ,-16,-3,-2,-7,10,1,-1,-4
1511948403935420 ,-2,1,0,-9,-6,-3,-2,-4
1511948403935420 ,-5,-4,-3,4,5,0,-1,-1
1511948403943510 ,6,-1,1,0,-9,0,1,-1
1511948403943510 ,2,-2,-2,-11,-12,-6,-2,-2
1511948403950630 ,-1,-1,-1,14,2,-1,-2,0
1511948403950630 ,-1,0,1,-9,-2,0,-2,1
1511948403958050 ,-8,-1,-2,-10,-1,-1,-2,-1
1511948403958050 ,0,-2,-1,-1,5,-5,0,-1
1511948403974590 ,10,-2,-3,-25,-4,5,0,1
1511948403974590 ,-11,-2,4,44,-2,-1,-1,-2
1511948403981110 ,-3,-2,-3,-13,5,2,-1,-4
1511948403981110 ,0,0,-3,-7,-11,-2,-1,0
1511948403995650 ,2,-1,-2,4,12,-3,-1,-2
1511948403995650 ,4,1,-2,-20,-9,-7,0,1
1511948404004200 ,-4,-3,-2,-8,3,-1,-1,-2
1511948404004200 ,0,-1,2,43,9,-5,0,-1
1511948404011690 ,-5,-1,1,-17,-7,1,0,-1
1511948404011690 ,2,-1,-2,-5,-1,1,0,-1
1511948404017710 ,-4,-2,-2,-4,7,-4,-3,-2
1511948404017710 ,5,-2,-3,-8,-12,1,-2,-1
1511948404032750 ,0,2,0,-5,6,-1,0,2
1511948404032750 ,-3,-3,1,17,2,-4,0,-2
1511948404041270 ,3,-2,-2,-9,-6,1,-1,-1
1511948404041270 ,-3,-3,0,20,3,1,-2,-2
1511948404055370 ,-3,-1,1,10,10,-2,-3,-1
1511948404055370 ,0,0,-3,-32,-15,-1,-1,1
1511948404063540 ,-3,-1,-1,30,-3,-1,-1,-2
1511948404063540 ,-2,-1,-3,-6,4,1,-1,-1
1511948404078570 ,-4,-2,-1,0,-7,-11,-4,-2
1511948404078570 ,3,-2,-2,-2,4,-1,-1,0
1511948404079520 ,-3,-1,-1,-19,-3,4,-2,-1
1511948404079520 ,8,2,1,4,4,-1,0,0
1511948404093110 ,-14,-1,-2,17,-5,-3,-1,-1
1511948404093110 ,2,-1,-2,-12,27,4,-1,-1
1511948404101110 ,-10,-2,-2,-17,-28,-5,-2,-3
1511948404101110 ,-1,-2,1,21,14,2,-1,-1
1511948404115660 ,5,-1,-2,-14,-29,-5,-2,-1
1511948404115660 ,-4,0,-1,9,8,-1,0,-2
1511948404123680 ,-4,-2,-3,3,5,-2,-1,-2
1511948404123680 ,-6,-2,-2,-14,4,1,-1,-3
1511948404138720 ,3,0,0,0,2,0,-1,0
1511948404138720 ,-8,-4,-2,-3,-4,-1,-2,-1
1511948404139210 ,4,2,0,12,-10,-2,-2,-1
1511948404139210 ,1,0,-1,-12,0,0,1,-2
1511948404154250 ,1,-1,0,14,15,6,-1,-1
1511948404154250 ,-2,-2,-2,-24,-10,-3,-1,-4
1511948404161280 ,-2,-1,-2,-1,-2,-3,-1,-1
1511948404161280 ,-1,-2,-3,0,-3,-3,-3,-2
1511948404184450 ,-4,0,-3,-20,4,1,1,-3
1511948404184450 ,10,-1,-1,34,-4,-1,-1,2
1511948404184840 ,1,-2,1,8,9,0,-2,-2
1511948404184840 ,-4,-1,-1,-29,-1,0,-1,-2
1511948404199500 ,0,-2,-4,-3,-11,-4,-2,-2
1511948404199500 ,2,-1,-3,-21,-9,-4,-3,-1
1511948404199880 ,-4,-2,-1,2,6,-3,0,-1
1511948404199880 ,5,-1,-3,0,-7,1,-1,-1
1511948404221960 ,-5,-3,1,16,13,1,-2,-1
1511948404221960 ,-2,1,-3,-12,-8,-3,-1,-1
1511948404222430 ,4,-1,-2,2,-17,-6,-2,-2
1511948404222430 ,-8,-3,-3,-15,8,-1,0,-3
1511948404235540 ,6,-1,0,10,-3,-3,-2,0
1511948404235540 ,-4,-1,-1,-13,-5,-2,-1,-1
1511948404243560 ,-4,-1,0,-2,9,1,0,-2
1511948404243560 ,2,0,-1,-8,-6,-1,-1,0
1511948404259030 ,-5,-3,-2,-4,-5,-2,-1,-2
1511948404259030 ,2,-2,0,3,1,-2,-3,-4
1511948404260030 ,-2,-1,0,-9,6,-1,-2,0
1511948404260030 ,2,-1,1,0,-9,-2,-2,1
1511948404273090 ,5,-1,-2,-1,1,1,-1,0
1511948404273090 ,-7,0,1,0,-2,-5,-5,-4
1511948404281690 ,-5,-4,-4,1,-7,-2,-2,0
1511948404281690 ,-4,-1,-2,-5,3,-2,0,-2
1511948404304250 ,4,2,-1,3,-2,2,-2,1
1511948404304250 ,-4,-3,-1,3,3,3,0,-1
1511948404304750 ,-1,-1,0,-10,-8,-5,-1,-2
1511948404304750 ,-4,-1,0,23,20,4,0,-2
1511948404326880 ,-3,-1,-1,10,-12,-4,-1,-2
1511948404326880 ,2,-1,-1,-23,-11,-4,-2,0
1511948404327810 ,-2,-2,-1,18,23,5,-1,-1
1511948404327810 ,-2,-1,-2,4,-12,-4,-3,-2
1511948404332890 ,1,-2,0,-9,1,-2,-1,-1
1511948404332890 ,-7,-2,-1,-4,3,1,-1,-2
1511948404349370 ,4,-1,0,2,3,-1,0,-3
1511948404349370 ,-7,0,0,-10,-10,-3,-1,0
1511948404364410 ,-1,-2,-1,14,-3,-2,1,-2
1511948404364410 ,2,-1,-2,1,2,-1,-1,-1
1511948404365910 ,-11,-3,-4,-5,-4,-4,-3,-3
1511948404365910 ,8,-1,0,-1,-2,2,-1,-1
1511948404378010 ,-4,1,-3,-17,0,-2,0,-2
1511948404378010 ,2,-3,0,-2,-8,-1,0,-1
1511948404394990 ,-4,-2,-3,-10,-9,-1,-3,-3
1511948404394990 ,1,-1,-1,6,18,1,-1,-1
1511948404396010 ,-3,-1,-1,-2,-6,-1,-1,1
1511948404396010 ,-1,-2,-4,6,-6,-3,-1,-3
1511948404402010 ,6,0,0,-9,0,0,-1,0
1511948404402010 ,-5,-2,-1,0,3,-3,-1,-2
1511948404416080 ,0,0,0,6,3,-3,0,-3
1511948404416080 ,-2,-1,-1,2,2,1,-2,2
1511948404448160 ,6,-1,-1,-4,-6,-1,-1,-2
1511948404448160 ,-7,-2,-1,-6,-7,-2,0,-2
1511948404448630 ,-1,-3,-3,5,1,-1,-1,-2
1511948404448630 ,-1,-1,-1,-5,1,1,-3,-2
1511948404450700 ,5,-2,1,16,2,1,-1,0
1511948404450700 ,-8,0,1,11,-1,-1,-1,0
1511948404452640 ,1,-2,-1,-13,5,-3,0,-2
1511948404452640 ,-1,0,-3,-8,-10,-3,-1,-1
1511948404461670 ,0,0,-2,-24,2,0,-2,-2
1511948404461670 ,1,1,2,20,-1,1,2,0
1511948404484360 ,1,-2,0,-7,-8,0,-1,-1
1511948404484360 ,1,-2,-2,12,2,-2,-3,-3
1511948404485740 ,-4,0,-1,-9,9,1,0,0
1511948404485740 ,3,-1,-3,-19,-19,-6,-3,-1
1511948404499300 ,0,0,1,21,8,1,-1,-1
1511948404499300 ,6,-2,-3,-5,-4,-2,-1,-2
1511948404505280 ,-12,-2,0,6,10,-3,-1,1
1511948404505280 ,-3,-1,-2,0,0,0,0,-4
1511948404529400 ,-2,-3,-2,-6,-6,0,0,-2
1511948404529400 ,-9,-2,-1,6,-18,-3,0,-2
1511948404530850 ,4,0,-1,-5,-3,-5,0,-3
1511948404530850 ,3,0,-1,-1,-8,0,-1,1
1511948404535360 ,-6,-1,-3,-24,-3,0,-2,0
1511948404535360 ,-4,-2,0,33,11,-1,-1,-1
1511948404544390 ,8,-1,-1,-9,-2,0,-2,-2
1511948404544390 ,-14,-2,-2,2,-5,-3,-2,-2
1511948404566450 ,-3,0,1,7,2,-3,-2,0
1511948404566450 ,7,-5,-3,-14,-3,0,1,1
1511948404568450 ,0,-1,-3,12,-5,-3,-1,-2
1511948404568450 ,3,0,1,-15,-2,0,-2,-1
1511948404572970 ,0,-1,-3,7,-6,-1,-2,-1
1511948404572970 ,-7,-2,-3,-27,19,4,0,0
1511948404581990 ,-3,0,-1,15,-17,-7,-1,-2
1511948404581990 ,8,2,0,-6,17,4,-1,0
1511948404604050 ,-15,-3,-2,-2,-3,-4,-2,-3
1511948404604050 ,-4,-3,-2,-5,-1,-2,-1,-2
1511948404606050 ,-3,-2,-2,2,-1,4,0,-3
1511948404606050 ,8,-1,-4,-7,-10,-2,-1,0
1511948404619120 ,3,-1,1,-2,4,-2,-3,0
1511948404619120 ,-20,-5,-3,-17,2,-5,-1,-4
1511948404621090 ,-2,0,2,10,13,2,-2,-2
1511948404621090 ,-5,1,0,4,-11,-2,-1,-1
1511948404641650 ,9,-2,-3,-9,-2,-2,-1,-3
1511948404641650 ,-1,-1,-3,-12,-10,-3,-3,-3
1511948404643150 ,-3,-1,0,2,1,1,-1,-2
1511948404643150 ,1,-1,0,11,8,-2,1,1
1511948404671820 ,-3,-2,-3,-15,-3,-2,-3,-7
1511948404671820 ,-3,-2,0,6,0,-2,-1,2
1511948404673320 ,-2,-2,0,-16,-8,0,-1,0
1511948404673320 ,2,1,-1,11,-6,-1,-2,-2
1511948404679330 ,3,-2,-3,-7,14,0,-1,-5
1511948404679330 ,-7,-3,1,34,-17,-4,-2,1
1511948404680840 ,0,-1,-1,10,7,0,-1,0
1511948404680840 ,-2,0,-1,-21,-6,-3,-2,-2
1511948404692870 ,2,-3,-2,3,-1,-3,-1,2
1511948404692870 ,12,2,-2,-7,6,1,-1,-2
1511948404709420 ,-13,-3,-1,-10,-9,-3,-2,-1
1511948404709420 ,-4,-3,0,20,10,-4,-2,-8
1511948404715500 ,-11,-1,1,-15,-6,7,0,6
1511948404715500 ,5,-1,-3,11,-10,-6,-4,-2
1511948404724450 ,3,0,0,-24,7,5,-1,-2
1511948404724450 ,6,-1,0,7,13,0,1,1
1511948404738490 ,-11,-2,0,-2,-10,-5,-3,-3
1511948404738490 ,-2,-2,-3,-8,1,-2,-3,-3
1511948404755040 ,-1,-2,-3,13,-7,-5,-2,-2
1511948404755040 ,0,1,4,-6,-10,-3,-3,-2
1511948404756040 ,3,-2,2,20,14,-3,-1,1
1511948404756040 ,-3,-1,-6,-28,-26,-2,0,1
1511948404776130 ,0,-2,-8,-9,2,-1,-2,-3
1511948404776130 ,0,1,2,18,3,1,-1,1
1511948404776640 ,4,-3,-4,1,-8,-1,1,1
1511948404776640 ,-5,0,3,9,12,-3,-1,-5
1511948404784150 ,0,-5,-3,-14,-1,0,0,-1
1511948404784150 ,5,-1,-2,-16,-21,-1,1,4
1511948404799250 ,-3,1,4,-7,7,1,-1,-2
1511948404799250 ,-2,-6,-5,8,1,-3,-1,-3
1511948404800690 ,2,4,11,-5,1,-3,-2,-1
1511948404800690 ,-3,-3,-8,-14,-4,4,0,-1
1511948404812790 ,2,-1,-5,4,0,-7,-3,-3
1511948404812790 ,4,-4,-7,-8,9,-1,-2,1
1511948404821750 ,-19,-6,-8,-10,-13,-4,-1,-3
1511948404821750 ,-4,-1,4,14,-3,6,0,-1
1511948404835310 ,1,-1,-5,-4,-1,4,0,-1
1511948404835310 ,4,-2,-2,8,1,-2,-2,-4
1511948404844310 ,-9,-1,-3,-16,15,-2,-1,1
1511948404844310 ,1,0,0,-4,5,-2,-1,-1
